osm_id,osm_type,city,unified_name,name,name:ja,name:en,tourism,lat,lon,bf_score,bf_category,wheelchair,wheelchair:description,toilets:wheelchair,description,wikidata,wikipedia,website
250668618,node,Tokyo,アーティゾン美術館,アーティゾン美術館,アーティゾン美術館,Artizon Museum,museum,35.678749,139.7721285,0,不明,,,,,Q913808,ja:アーティゾン美術館,
250668627,node,Tokyo,東京都写真美術館,東京都写真美術館,東京都写真美術館,Tokyo Photographic Art Museum,museum,35.641543,139.7133962,0,不明,,,,,Q862884,ja:東京都写真美術館,
251055430,node,Tokyo,伝統工芸 青山スクエア,,伝統工芸 青山スクエア,Japan Traditional Crafts Centre,museum,35.7288374,139.7093019,0,不明,,,,,,,https://kougeihin.jp/
252675438,node,Tokyo,観世能楽堂,観世能楽堂,,Kanze No Theater,attraction,35.6620432,139.6935718,0,不明,,,,,,,
410166105,node,Tokyo,日本サッカーミュージアム,日本サッカーミュージアム,,Japan Football Museum,museum,35.7042546,139.7639427,0,不明,,,,,Q11506477,ja:日本サッカーミュージアム,http://www.jfa.jp/football_museum/
441655802,node,Tokyo,上野の森美術館,上野の森美術館,上野の森美術館,The Ueno Royal Museum,museum,35.7128522,139.7747663,40,部分対応,yes,,,,Q11360245,,https://www.ueno-mori.org/
506214940,node,Tokyo,ギャラリーTEN,Gallery TEN,ギャラリーTEN,,gallery,35.7210239,139.7647079,0,不明,,,,,,,
604349728,node,Tokyo,五島美術館別館,五島美術館別館,,Gotoh Museum Annex,museum,35.6119856,139.6358686,20,未対応,limited,,,,,,
651573302,node,Tokyo,世田谷美術館分館 清川泰次記念ギャラリー,世田谷美術館分館 清川泰次記念ギャラリー,,Setagaya Museum of Art Annex Kiyokawa Taiji Memorial Gallery,museum,35.6385768,139.6008373,0,不明,,,,,,,
771342043,node,Tokyo,しだれ柳,しだれ柳,,,viewpoint,35.7874997,139.8951449,0,不明,,,,往時の平潟道の名残,,,
771412748,node,Tokyo,千葉周作修行之地,千葉周作修行之地,,,attraction,35.7828709,139.8971351,0,不明,,,,,,,
811208933,node,Tokyo,土と農の交流園,土と農の交流園,,Farming Garden for Citizen,museum,35.6590377,139.6279406,0,不明,,,,,,,
820849494,node,Tokyo,旧新橋停車場鉄道歴史展示室,旧新橋停車場鉄道歴史展示室,,Old Shimbashi Station Railway History Exhibition Hall,museum,35.6659465,139.7616202,0,不明,,,,,Q104698226,,
854584575,node,Tokyo,ビッグ サンダー マウンテン,ビッグ サンダー マウンテン,ビッグ サンダー マウンテン,Big Thunder Mountain,attraction,35.6326401,139.8840822,0,不明,,,,,Q859406,en:Big Thunder Mountain Railroad,https://www.tokyodisneyresort.jp/attraction/detail/str_id:wl_mountain/
859682628,node,Tokyo,プロメテウス火山,プロメテウス火山,プロメテウス火山,Mount Prometheus,attraction,35.6256919,139.8845602,0,不明,,,,,,,
859682633,node,Tokyo,ポートディスカバリー・ステーション,ポートディスカバリー・ステーション,ポートディスカバリー・ステーション,Port Discovery Station,attraction,35.625393,139.8830972,0,不明,,,,,Q50437418,,https://www.tokyodisneyresort.jp/attraction/detail/str_id:pd_railway/
859682692,node,Tokyo,アメリカンウォーターフロント・ステーション,アメリカンウォーターフロント・ステーション,アメリカンウォーターフロント・ステーション,American Waterfront,attraction,35.6248634,139.8877946,0,不明,,,,,Q50437130,,https://www.tokyodisneyresort.jp/attraction/detail/str_id:aw_railway/
919282252,node,Tokyo,東京シティビュー,東京シティビュー,,Tokyo City View,viewpoint,35.66043,139.7290554,40,部分対応,yes,,,,Q126417093,,
988763541,node,Tokyo,昭和館,昭和館,,National Showa Memorial Museum,museum,35.6951109,139.7509066,0,不明,,,,,Q3788883,en:National Showa Memorial Museum,
1056757093,node,Tokyo,向井潤吉アトリエ館,向井潤吉アトリエ館,,Junkichi Mukai Atelier Museum,museum,35.6355896,139.6556672,0,不明,,,,,,,
1069536940,node,Tokyo,今川宝珠殿,今川宝珠殿,,,museum,35.7164045,139.607,0,不明,,,,,,,
1177156758,node,Tokyo,NHKスタジオパーク,NHKスタジオパーク,NHKスタジオパーク,NHK Studio Park,museum,35.6651148,139.6965929,40,部分対応,yes,,,,Q10854719,ja:NHKスタジオパーク,https://www.nhk.or.jp/studiopark/
1223051434,node,Tokyo,Joyful Minowa Shopping Arcade Entrance,,,Joyful Minowa Shopping Arcade Entrance,attraction,35.7320702,139.7919512,0,不明,,,,,,,
1248297444,node,Tokyo,Zemaitis Museum,Zemaitis Museum,,,museum,35.6937575,139.7716325,0,不明,,,,,,,
1272804708,node,Tokyo,シンデレラのフェアリーテイル・ホール,シンデレラのフェアリーテイル・ホール Cinderella's Fairy Tale Hall,シンデレラのフェアリーテイル・ホール,Cinderella's Fairy Tale Hall,attraction,35.6319456,139.8808501,0,不明,,,,,Q11308639,ja:シンデレラのフェアリーテイル・ホール,https://www.tokyodisneyresort.jp/attraction/detail/str_id:fl_cinderella/
1327305154,node,Tokyo,清月堂画廊,清月堂画廊,,Seigetsudo Art Gallery,gallery,35.6701224,139.7648863,0,不明,,,,,,,
1350269516,node,Tokyo,日本銀行金融研究所貨幣博物館,日本銀行金融研究所貨幣博物館,,Bank of Japan Currency Museum,museum,35.6854395,139.7716029,0,不明,,,,,Q865607,en:Currency Museum of the Bank of Japan,
1378334573,node,Tokyo,エビス・ギャラリーコウゲツ,エビス・ギャラリーコウゲツ,,,gallery,35.647419,139.7111818,0,不明,,,,,,,
1394715627,node,Tokyo,Carrot Tower 26F,Carrot Tower 26F,,,viewpoint,35.6437992,139.6693258,0,不明,,,,,,,
1420202296,node,Tokyo,税務大学校租税史料館,税務大学校租税史料館,,Historical Taxation Museum,museum,35.77552,139.607558,0,不明,,,,,,,
1420739546,node,Tokyo,戸定歴史館,戸定歴史館,,Tojo Historian,museum,35.7779204,139.8994357,0,不明,,,,,Q60059496,,
1420764135,node,Tokyo,ちひろ美術館・東京,ちひろ美術館・東京,,Chihiro Art Museum,museum,35.728478,139.605084,0,不明,,,,,Q11271822,,
1420765070,node,Tokyo,エース世界のカバン博物館,エース世界のカバン博物館,,World Bags & Luggage Museum,museum,35.708056,139.795315,0,不明,,,,,Q104698116,,https://www.ace.jp/museum/
1420765129,node,Tokyo,サンシャイン国際水族館,サンシャイン国際水族館,,Sunshine Aquarium,aquarium,35.7291388,139.7202726,0,不明,,,,,Q11250698,ja:サンシャイン水族館,http://www.sunshinecity.co.jp/aquarium/
1420765210,node,Tokyo,セイコーミュージアム,セイコーミュージアム,セイコーミュージアム,Seiko Museum,museum,35.726726,139.813256,0,不明,,,,,,,http://museum.seiko.co.jp/
1420765213,node,Tokyo,センチュリーミュージアム,センチュリーミュージアム,,Century Museum,museum,35.702532,139.7597595,0,不明,,,,,,,
1420765316,node,Tokyo,ブレーキ博物館,ブレーキ博物館,,,museum,35.694138,139.809419,0,不明,,,,,,,
1420765386,node,Tokyo,ユニセフハウス,ユニセフハウス,,UNICEF House,museum,35.627927,139.73305,0,不明,,,,,,,
1420765471,node,Tokyo,三井記念美術館,三井記念美術館,,Mitsui Memorial Museum,museum,35.6868356,139.7730738,0,不明,,,,,Q864700,en:Mitsui Memorial Museum,
1420766065,node,Tokyo,世田谷区立郷土資料館,世田谷区立郷土資料館,世田谷区立郷土資料館,Setagaya Local History Museum,museum,35.641461,139.647222,0,不明,,,,,Q104708389,ja:世田谷区立郷土資料館,https://www.city.setagaya.lg.jp/shisetsu/1213/1265/d00004199.html
1420766084,node,Tokyo,世田谷文学館,世田谷文学館,,Setagaya Literary Museum,museum,35.666922,139.608873,0,不明,,,,,Q11362100,en:Setagaya Literary Museum,
1420766113,node,Tokyo,世田谷美術館,世田谷美術館,,Setagaya Art Museum,museum,35.631624,139.6222,0,不明,,,,,Q3892314,en:Setagaya Art Museum,
1420766180,node,Tokyo,中央区立築地社会教育会館・郷土資料館,中央区立築地社会教育会館・郷土資料館,,Tsukiji Local Museum,museum,35.6664905,139.7680837,0,不明,,,,,,,
1420766554,node,Tokyo,久米美術館,久米美術館,,Kume Museum of Art,museum,35.634545,139.714759,0,不明,,,,,Q11369635,ja:久米美術館,
1420766636,node,Tokyo,五島美術館,五島美術館,,Gotoh Museum,museum,35.612436,139.6353641,20,未対応,limited,,,,Q2374140,en:Gotoh Museum,https://www.gotoh-museum.or.jp/
1420766948,node,Tokyo,佐藤美術館,佐藤美術館,,Sato Art Museum,museum,35.681682,139.714976,0,不明,,,,,Q11384365,ja:佐藤美術館,
1420767194,node,Tokyo,光が丘美術館,光が丘美術館,,Hikarigaoka Art Museum,museum,35.759551,139.63241,0,不明,,,,,,,
1420767886,node,Tokyo,凧の博物館,凧の博物館,,Kite Museum,museum,35.6844275,139.7751576,0,不明,,,,,,,https://www.taimeiken.co.jp/museum.html
1420767888,node,Tokyo,刀剣博物館,刀剣博物館,,Japanese Sword Museum,museum,35.6814885,139.6906746,0,不明,,,,,,,
1420767889,node,Tokyo,切手の博物館,切手の博物館,,Stamp Museum,museum,35.7182677,139.7057801,40,部分対応,yes,,,,Q11396206,ja:切手の博物館,https://kitte-museum.jp
1420770189,node,Tokyo,千代田区立四番町図書館,千代田区立四番町図書館,,Yonbancho Library,museum,35.689474,139.739749,0,不明,,,,,,,
1420770260,node,Tokyo,千秋文庫博物館,千秋文庫博物館,,Senshu Bunko,museum,35.693263,139.74649,0,不明,,,,,Q11405795,ja:千秋文庫,
1420770935,node,Tokyo,印刷博物館,印刷博物館,印刷博物館,Printing Museum,museum,35.7091646,139.7414372,20,未対応,limited,,,,Q994083,,
1420771074,node,Tokyo,古代オリエント博物館,古代オリエント博物館,,Ancient Orient Museum,museum,35.7287322,139.7209684,0,不明,,,,,Q1048740,,
1420771079,node,Tokyo,古賀政男音楽博物館,古賀政男音楽博物館,,,museum,35.6676979,139.6800138,0,不明,,,,,,,https://www.koga.or.jp/
1420771103,node,Tokyo,台東区立書道博物館,台東区立書道博物館,,Calligraphy Museum,museum,35.7246554,139.7765428,0,不明,,,,,Q11411955,,https://www.taitocity.net/taito/shodou/
1420771104,node,Tokyo,台東区立朝倉彫塑館,台東区立朝倉彫塑館,,Asakura Museum of Sculpture,museum,35.726847,139.768563,0,不明,,,,,Q11517304,,
1420771165,node,Tokyo,吉田苞竹記念会館,吉田苞竹記念会館,,Yoshida Hochiku Memorial Hall,museum,35.663653,139.7417064,0,不明,,,,,,,
1420771385,node,Tokyo,唐澤博物館,唐澤博物館,,,museum,35.733027,139.662573,0,不明,,,,,,,
1420771652,node,Tokyo,国立印刷局博物館,国立印刷局博物館,国立印刷局博物館,National Printing Bureau Museum,museum,35.69496,139.729273,0,不明,,,,,,,
1420771752,node,Tokyo,國學院大學博物館,國學院大學博物館,,,museum,35.6562172,139.7112005,0,不明,,,,,Q81916990,ja:國學院大學博物館,
1420772919,node,Tokyo,大倉集古館,大倉集古館,大倉集古館,Okura Museum of Art (Okura Shukokan),museum,35.666923,139.7432191,0,不明,,,,,Q3329598,en:Okura Museum of Art,
1420772944,node,Tokyo,大名時計博物館,大名時計博物館,,Daimyo Clock Museum,museum,35.721289,139.766182,0,不明,,,,,Q10856362,ja:大名時計博物館,
1420774587,node,Tokyo,大谷美術館,大谷美術館,,Otani Art Museum,museum,35.7431053,139.7457809,0,不明,,,,,,,
1420774624,node,Tokyo,天理ギャラリー,天理ギャラリー,,Tenri Gallery,museum,35.691776,139.764418,0,不明,,,,,,,
1420774658,node,Tokyo,太田記念美術館,太田記念美術館,太田記念美術館,Ota Memorial Museum of Art,museum,35.6693982,139.7049049,0,不明,,,,,Q3815442,en:Ukiyo-e Ōta Memorial Museum of Art,
1420774661,node,Tokyo,太皷館,太皷館,,Drum Museum,museum,35.711815,139.791779,0,不明,,,,,Q104698257,,
1420775065,node,Tokyo,宮城道雄記念館,宮城道雄記念館,,,museum,35.699758,139.736845,0,不明,,,,,,,
1420776990,node,Tokyo,山崎記念中野区立歴史民俗資料館,山崎記念中野区立歴史民俗資料館,山崎記念中野区立歴史民俗資料館,,museum,35.724316,139.664992,0,不明,,,,,Q104708387,,
1420779754,node,Tokyo,平和祈念展示資料館,平和祈念展示資料館,,"Memorial Museum for Soldiers, Detainees in Siberia, and Postwar Repatriates",museum,35.6912618,139.6925118,0,不明,,,,,Q56025796,ja:平和祈念展示資料館,
1420780101,node,Tokyo,弥生美術館・竹久夢二美術館,弥生美術館・竹久夢二美術館,,"Yayoi Museum,Takeshisa Yumeji Museum",museum,35.7149026,139.7634784,0,不明,,,,,,,
1420780290,node,Tokyo,YEBISU BREWERY TOKYO,YEBISU BREWERY TOKYO,,,museum,35.643088,139.714541,0,不明,,,,,,,https://www.sapporobeer.jp/brewery/y_museum/
1420780494,node,Tokyo,戸栗美術館,戸栗美術館,戸栗美術館,Toguri Museum of Art,museum,35.6614398,139.6927998,0,不明,,,,,Q11496415,ja:戸栗美術館,https://www.toguri-museum.or.jp/
1420780641,node,Tokyo,文京ふるさと歴史館,文京ふるさと歴史館,,Bunkyo Historical Museum,museum,35.707984,139.756582,0,不明,,,,,Q11499743,en:Bunkyo Museum,
1420780738,node,Tokyo,文化学園服飾博物館,文化学園服飾博物館,,Bunka Gakuen Costume Museum,museum,35.686322,139.69501,0,不明,,,,,,,
1420780821,node,Tokyo,新宿歴史博物館,新宿歴史博物館,,Shinjuku Historical Museum,museum,35.690013,139.72563,0,不明,,,,,Q11501857,ja:新宿歴史博物館,
1420780833,node,Tokyo,新宿美術館,新宿美術館,,,museum,35.6911,139.710742,0,不明,,,,,,,
1420780980,node,Tokyo,日本カメラ博物館,日本カメラ博物館,,JCII Camera Museum,museum,35.6860582,139.7428472,0,不明,,,,,Q21019310,ja:日本カメラ博物館,https://www.jcii-cameramuseum.jp/
1420781050,node,Tokyo,日本女子大学成瀬記念館,日本女子大学成瀬記念館,,Naruse Memorial Hall,museum,35.716316,139.71988,0,不明,,,,,,,
1420781066,node,Tokyo,日本書道美術館,日本書道美術館,,Japan Calligraphy Museum,museum,35.7596612,139.6901907,0,不明,,,,,,,
1420781094,node,Tokyo,日本民藝館,日本民藝館,,Japanese Folk Crafts Museum,museum,35.660849,139.679219,0,不明,,,,,Q3789149,ja:日本民藝館,https://www.mingeikan.or.jp/
1420781297,node,Tokyo,早稲田大学坪内博士記念演劇博物館,早稲田大学坪内博士記念演劇博物館,,,museum,35.7099831,139.7195469,0,不明,,,,,Q3951945,,https://enpaku.w.waseda.jp/
1420781298,node,Tokyo,早稲田大学會津八一記念博物館,早稲田大学會津八一記念博物館,,,museum,35.708554,139.7203599,40,部分対応,yes,,,,Q30938116,,https://www.waseda.jp/culture/aizu-museum/
1420781347,node,Tokyo,明治大学博物館,明治大学博物館,,Meiji University Museum,museum,35.6986987,139.7621517,0,不明,,,,,,,
1420781419,node,Tokyo,昭和女子大学光葉博物館,昭和女子大学光葉博物館,,Showa Koyo Museum,museum,35.6435213,139.677022,0,不明,,,,,Q104708392,,
1420782231,node,Tokyo,杉野学園衣裳博物館,杉野学園衣裳博物館,,Sugino Costume Museum,museum,35.630742,139.715856,0,不明,,,,,,,
1420782618,node,Tokyo,東京オペラシティアートギャラリー,東京オペラシティアートギャラリー,,Tokyo Opera City Art Gallery,museum,35.683003,139.686756,0,不明,,,,,Q11524090,ja:東京オペラシティアートギャラリー,
1420783697,node,Tokyo,東京大空襲・戦災資料センター,東京大空襲・戦災資料センター,,Center of the Tokyo Raids and War Damage,museum,35.681744,139.822264,0,不明,,,,,Q15961648,en:Center of the Tokyo Raids and War Damage,
1420783718,node,Tokyo,東京女子医科大学史料室・吉岡彌生記念室,東京女子医科大学史料室・吉岡彌生記念室,,,museum,35.697188,139.72029,40,部分対応,yes,,,,Q104698247,,
1420783861,node,Tokyo,東京家政大学博物館,東京家政大学博物館,,Tokyo Kasei University Museum,museum,35.7551522,139.7212985,0,不明,,,,,Q104708375,,
1420784622,node,Tokyo,東京海洋大学海洋科学部附属水産資料館,東京海洋大学海洋科学部附属水産資料館,,"Tokyo University of Marine Science and Technology, Faculty of Marine Science, Attached Fisheries Museum",museum,35.626891,139.747243,0,不明,,,,,,,
1420784678,node,Tokyo,消防博物館,東京消防庁消防防災資料センター消防博物館,消防博物館,Fire Museum,museum,35.6881372,139.7199391,0,不明,,,,,Q11559505,ja:消防博物館,https://www.tfd.metro.tokyo.lg.jp/eng/e_museum/information.html
1420785063,node,Tokyo,東京藝術大学大学美術館,東京藝術大学大学美術館,,"The University Art Museum, Tokyo University of the Arts",museum,35.719192,139.7719324,0,不明,,,,,Q11525123,,https://www.geidai.ac.jp/museum/
1420785102,node,Tokyo,東京農業大学「食と農」の博物館,東京農業大学「食と農」の博物館,,"Food and Agriculture Museum, Tokyo University of Agriculture",museum,35.638983,139.631778,40,部分対応,yes,,,,,,https://www.nodai.ac.jp/campus/facilities/syokutonou/
1420785386,node,Tokyo,東京都水道歴史館,東京都水道歴史館,,Tokyo Waterworks Historical Museum,museum,35.7033139,139.7604984,0,不明,no,,,,Q11525339,ja:東京都水道歴史館,
1420785523,node,Tokyo,東京都立芸術高等学校美術館,東京都立芸術高等学校美術館,,High School Art Museum,museum,35.654509,139.684615,0,不明,,,,,,,
1420785912,node,Tokyo,東武博物館,東武博物館,,Tobu Museum,museum,35.723464,139.818985,0,不明,,,,,,,
1420786016,node,Tokyo,パナソニック汐留美術館,パナソニック汐留美術館,,Panasonic Shiodome Museum of Art,museum,35.665828,139.761882,0,不明,,,,,,,https://panasonic.co.jp/ew/museum/
1420786033,node,Tokyo,松岡美術館,松岡美術館,,Matsuoka Museum of Art,museum,35.640021,139.721806,0,不明,,,,,Q11530056,en:Matsuoka Museum of Art,
1420786097,node,Tokyo,板橋区立教育科学館,板橋区立教育科学館,板橋区立教育科学館,,museum,35.7634451,139.6796239,0,不明,,,,,Q11532661,,
1420786111,node,Tokyo,板橋区立郷土資料館,板橋区立郷土資料館,,Itabashi Historical Museum,museum,35.7854982,139.6432063,0,不明,,,,,Q104696866,,
1420786660,node,Tokyo,森美術館,森美術館,,Mori Art Museum,museum,35.660432,139.729261,40,部分対応,yes,,,,Q4410434,en:Mori Art Museum,https://www.mori.art.museum/jp/index.html
1420787066,node,Tokyo,民音音楽博物館,民音音楽博物館,民音音楽博物館,Min-On Music Library,museum,35.6823264,139.7193832,0,不明,,,,,,,https://museum.min-on.or.jp/
1420787554,node,Tokyo,江戸川区郷土資料室,江戸川区郷土資料室,,,museum,35.706064,139.866292,0,不明,,,,,Q117424691,ja:江戸川区郷土資料室,
1420787682,node,Tokyo,江東区中川船番所資料館,江東区中川船番所資料館,,Nakagawa Funebansho Museum,museum,35.6875807,139.8463633,40,部分対応,yes,,,,Q11364944,ja:中川船番所資料館,
1420787694,node,Tokyo,江東区深川江戸資料館,江東区深川江戸資料館,,Fukagawa Edo Museum,museum,35.6810519,139.8005482,55,対応済,yes,,yes,,Q3090685,en:Fukagawa Edo Museum,
1420787712,node,Tokyo,江東区芭蕉記念館,江東区芭蕉記念館,,Basho Museum,museum,35.686129,139.794092,15,未対応,,,yes,,Q104698200,,https://www.kcf.or.jp/basho/
1420787831,node,Tokyo,泉屋博古館東京,泉屋博古館東京,,Sen-Oku Hakukokan Tokyo,museum,35.665033,139.741068,0,不明,,,,,,,https://sen-oku.or.jp/tokyo
1420789248,node,Tokyo,港区立港郷土資料館,港区立港郷土資料館,,Minato Local Museum,museum,35.6470718,139.7452081,0,不明,,,,,,,
1420789338,node,Tokyo,熊谷守一美術館,熊谷守一美術館,,Morikazu Kumagai Art Museum,museum,35.733742,139.69087,40,部分対応,yes,,,,,,
1420789431,node,Tokyo,物流博物館,物流博物館,,Logistics Museum,museum,35.629097,139.732315,0,不明,,,,,Q104698234,ja:物流博物館,
1420789601,node,Tokyo,国立映画アーカイブ,国立映画アーカイブ,,National Film Archive of Japan,museum,35.6755738,139.7706589,0,不明,,,,,Q51371009,en:National Film Archive of Japan,
1420790123,node,Tokyo,田端文士村記念館,田端文士村記念館,,TABATA Memorial Museum of Writers and Artists,museum,35.738472,139.759259,40,部分対応,yes,,,,Q11577225,ja:田端文士村記念館,http://www.kitabunka.or.jp/tabata/
1420790339,node,Tokyo,畠山記念館,畠山記念館,,,museum,35.632242,139.726938,0,不明,,,,,Q3330210,en:Hatakeyama Memorial Museum of Fine Art,
1420790403,node,Tokyo,皮革産業資料館,皮革産業資料館,,Leather Industry Museum,museum,35.724041,139.808234,0,不明,,,,,,,
1420790484,node,Tokyo,目黒寄生虫館,目黒寄生虫館,目黒寄生虫館,Meguro Parasitological Museum,museum,35.6317,139.706666,35,部分対応,limited,,yes,,Q11581651,ja:目黒寄生虫館,https://www.kiseichu.org/Pages/default.aspx
1420790652,node,Tokyo,相撲博物館,相撲博物館,相撲博物館,Sumo Museum,museum,35.6972706,139.7932372,0,不明,,,,,Q11582043,ja:相撲博物館,https://www.sumo.or.jp/museum/
1420795772,node,Tokyo,都立第五福竜丸展示館,第五福竜丸展示館,都立第五福竜丸展示館,Daigo Fukuryu Maru Museum,museum,35.6509581,139.8263521,0,不明,,,,,Q11525586,ja:東京都立第五福竜丸展示館,
1420796044,node,Tokyo,練馬区立美術館,練馬区立美術館,,Nerima Art Museum,museum,35.7370302,139.6361548,40,部分対応,yes,,,,Q11608069,,
1420796470,node,Tokyo,船の科学館,船の科学館,船の科学館,Museum of Maritime Science,museum,35.620217,139.772296,0,不明,,,,,Q1048709,ja:船の科学館,https://funenokagakukan.or.jp/
1420796583,node,Tokyo,草月美術館,草月美術館,草月美術館,Sogetsu Art Museum,museum,35.674085,139.729314,0,不明,,,,,,,
1420796626,node,Tokyo,荒川区立荒川ふるさと文化館,荒川区立荒川ふるさと文化館,,Arakawa Cultural Museum,museum,35.7374735,139.7954339,0,不明,,,,,Q104698248,,
1420797074,node,Tokyo,菊池寛実記念智美術館,菊池寛実記念智美術館,,Kikuchi Kanjitsu Memorial Tomo Museum,museum,35.666041,139.744605,20,未対応,limited,,,,Q19340630,en:Musée Tomo,
1420797158,node,Tokyo,葛飾区教育資料館,葛飾区教育資料館,,,museum,35.7872514,139.8642042,0,不明,,,,,,,
1420797177,node,Tokyo,葛飾区郷土と天文の博物館,葛飾区郷土と天文の博物館,葛飾区郷土と天文の博物館,Katsushika City Museum,museum,35.7528907,139.8433759,0,不明,,,,,Q11621071,ja:葛飾区郷土と天文の博物館,
1420797402,node,Tokyo,虎屋ギャラリー,虎屋ギャラリー,,Toraya Gallery,museum,35.675242,139.732592,0,不明,,,,,,,
1420798047,node,Tokyo,講談社野間記念館,講談社野間記念館,,Kodansha Noma Memorial Museum,museum,35.714018,139.725033,0,不明,,,,,Q3788846,en:Kodansha Noma Memorial Museum,
1420798090,node,Tokyo,豊島区立郷土資料館,豊島区立郷土資料館,,Toshima City Local Museum,museum,35.727675,139.706721,0,不明,,,,,Q104698258,,
1420798228,node,Tokyo,賀川豊彦記念松沢資料館,賀川豊彦記念松沢資料館,,,museum,35.667897,139.625945,0,不明,,,,,Q104698211,,
1420798495,node,Tokyo,足立区立郷土博物館,足立区立郷土博物館,,Adachi City Museum,museum,35.7844723,139.8414425,0,不明,,,,,Q11636983,ja:足立区立郷土博物館,
1420799298,node,Tokyo,野口英世記念会館展示室,野口英世記念会館展示室,,Hideyo Noguchi Memorial Hall Exhibition Room,museum,35.683753,139.716289,0,不明,,,,,,,
1420799336,node,Tokyo,野球殿堂博物館,野球殿堂博物館,,The Baseball Hall of Fame And Museum,museum,35.7055787,139.7528979,20,未対応,limited,,,,Q1134380,ja:野球殿堂博物館 (日本),
1420799355,node,Tokyo,釣り文化資料館,釣り文化資料館,,Fishing Culture Museum,museum,35.690868,139.71952,0,不明,,,,,Q104698254,,
1420799454,node,Tokyo,長泉院附属現代彫刻美術館,長泉院附属現代彫刻美術館,,Museum of Contemporary Sculpture,museum,35.635908,139.703051,0,不明,,,,,,,
1420799460,node,Tokyo,長谷川町子美術館,長谷川町子美術館,,Hasegawa Machiko Art Museum,museum,35.6279831,139.6436212,0,不明,,,,,Q3788646,en:Hasegawa Machiko Art Museum,
1420800113,node,Tokyo,駒澤大学禅文化歴史博物館,駒澤大学禅文化歴史博物館,駒澤大学禅文化歴史博物館,Komazawa University Museum of Zen Culture & History,museum,35.6285028,139.6581243,0,不明,,,,,,,
1420800487,node,Tokyo,高麗博物館,高麗博物館,,Korea Museum,museum,35.6984501,139.7036417,0,不明,no,,,,,,
1420800621,node,Tokyo,齋田記念館,齋田記念館,,,museum,35.6534177,139.6599619,0,不明,,,,,,,
1420800659,node,Tokyo,Ｏ美術館,Ｏ美術館,,O Art Museum,museum,35.6207352,139.729299,0,不明,,,,,,,
1439037612,node,Tokyo,Sky Circus,Sky Circus,,Sunshine 60 Tennbodai (Viewpoint),viewpoint,35.729442,139.7180675,40,部分対応,yes,,,,,,
1441555679,node,Tokyo,野菊の墓文学碑,野菊の墓文学碑,,,attraction,35.76025,139.895183,0,不明,,,,,Q11646105,ja:野菊の墓文学碑,
1484933111,node,Tokyo,かちどき 橋の資料館,かちどき 橋の資料館,,Kachidoki Bridge Museum,museum,35.6630488,139.7736585,20,未対応,limited,,,,Q109160363,,
1623971579,node,Tokyo,東大正門,東大正門,,Main Gate,attraction,35.7129409,139.7596604,40,部分対応,yes,Gate,,,,,
1626467154,node,Tokyo,Water wheel,,,Water wheel,attraction,35.712151,139.7251534,0,不明,,,,,,,
1692587736,node,Tokyo,visionary arts,visionary arts,,,gallery,35.6558377,139.6997975,0,不明,,,,,,,
1692587803,node,Tokyo,石島アトリエ,石島アトリエ,,Ishijima Atelier,gallery,35.6550523,139.6994723,0,不明,,,,,,,
1733357504,node,Tokyo,目黒区美術館,目黒区美術館,,Meguro Museum of Art,museum,35.6349252,139.7076759,0,不明,,,,,Q3815450,ja:目黒区美術館,http://www.mmat.jp/
1745162765,node,Tokyo,マクセル アクアパーク品川,マクセル アクアパーク品川,マクセル アクアパーク品川,Aqua Park Shinagawa,aquarium,35.628389,139.7357544,0,不明,,,,,,,https://www.aqua-park.jp/aqua/en/
1870958134,node,Tokyo,すがもんのおしり,すがもんのおしり,,Sugamon's Buttocks,attraction,35.7344533,139.7346558,40,部分対応,yes,,,,,,
1880385539,node,Tokyo,テレコムセンター展望室,テレコムセンター展望室,,Telecom Center Observatory,viewpoint,35.617096,139.780078,0,不明,,,,,,,
1883764885,node,Tokyo,柴又のおもちゃ博物館,柴又のおもちゃ博物館,,Shibamata Toy Museum,museum,35.757482,139.8759074,0,不明,,,,,,,
1964113582,node,Tokyo,伊勢半本店 紅ミュージアム,伊勢半本店 紅ミュージアム,,Kurenai Museum,museum,35.6599126,139.7179786,0,不明,,,,,Q11378949,ja:伊勢半本店 紅ミュージアム,https://www.isehanhonten.co.jp/museum/index.html
1966249089,node,Tokyo,岡本太郎記念館,岡本太郎記念館,,Taro Okamoto Memorial Museum,museum,35.6612724,139.7155295,0,不明,,,,,Q11473108,ja:岡本太郎記念館,https://taro-okamoto.or.jp/
1975522153,node,Tokyo,東京都目黒区立 川の資料館,東京都目黒区立 川の資料館,,,museum,35.6413172,139.7022628,0,不明,,,,,,,
1975902790,node,Tokyo,アクセサリーミュージアム,アクセサリーミュージアム,,Accessory Museum,museum,35.6401379,139.6887136,0,不明,,,,,,,
1993056420,node,Tokyo,東京科学大学博物館,東京科学大学博物館,東京科学大学博物館,"Museum and Centennial Hall, Institute of Science Tokyo",museum,35.6067834,139.6847988,0,不明,,,,,Q24874167,ja:東京工業大学博物館,
1998331328,node,Tokyo,すみだ水族館,すみだ水族館,,Sumida Aquarium,aquarium,35.7101011,139.8093338,40,部分対応,yes,,,,Q8134074,ja:すみだ水族館,
2004025297,node,Tokyo,東武博物館,東武博物館,東武博物館,Tobu Museum,museum,35.7240575,139.8191204,0,不明,,,,,Q3915461,ja:東武博物館,https://www.tobu.co.jp/museum/
2018990111,node,Tokyo,日動画廊,日動画廊,日動画廊,Nichido Art Gallery,gallery,35.672009,139.7629632,0,不明,,,,,,,
2019045933,node,Tokyo,銀座画廊,銀座画廊,,Ginza Art Gallery,gallery,35.6699694,139.760775,0,不明,,,,,,,
2034368653,node,Tokyo,猫町ギャラリー,猫町ギャラリー,,Nekomachi Gallery,gallery,35.7229255,139.7647168,0,不明,,,,,,,
2110179364,node,Tokyo,三井文庫,三井文庫,,,museum,35.7183114,139.6762705,0,不明,,,,,,,
2179766912,node,Tokyo,林芙美子記念館,林芙美子記念館,,Hayashi Fumiko Memorial Hall,museum,35.7158469,139.684266,0,不明,,,,,Q11533289,,
2179771374,node,Tokyo,佐伯祐三アトリエ記念館,佐伯祐三アトリエ記念館,佐伯祐三アトリエ記念館,,museum,35.7208799,139.6936411,0,不明,,,,,Q11382880,ja:佐伯祐三アトリエ記念館,https://www.regasu-shinjuku.or.jp/?p=1667
2245660356,node,Tokyo,旧中川・川の駅,旧中川・川の駅,,Kyu-nakagawa Kawa-no-eki,museum,35.687468,139.846959,0,不明,no,,,,,,
2283943982,node,Tokyo,Button Museum,Button Museum,,,museum,35.6911909,139.7878718,0,不明,,,,,,,
2333009719,node,Tokyo,東京大学大学院総合文化研究科教養学部美術博物館,東京大学大学院総合文化研究科教養学部美術博物館,,Art Museum of the Faculty of Arts and Sciences of the University of Tokyo,museum,35.6593553,139.6857114,0,不明,,,,,,,
2355653169,node,Tokyo,玉電と郷土の歴史館,玉電と郷土の歴史館,,,museum,35.616696,139.622871,0,不明,,,,,,,
2355662302,node,Tokyo,導水管,導水管,,,viewpoint,35.616625,139.612767,0,不明,,,,,,,
2376715147,node,Tokyo,アート・フロント・ギャラリー,アート・フロント・ギャラリー,,Art Front Gallery,gallery,35.64737,139.701462,0,不明,no,,,,,,
2388566136,node,Tokyo,東京都庁展望室 北,東京都庁展望室 北,東京都庁展望室 北,Tokyo Metropolitan Government Office - North Observatory Deck,viewpoint,35.6899139,139.6916135,0,不明,,,,,,,
2388566137,node,Tokyo,東京都庁展望室 南,東京都庁展望室 南,東京都庁展望室 南,Tokyo Metropolitan Government Office - South Observatory Deck,viewpoint,35.689088,139.6917631,0,不明,,,,,,,https://www.yokoso.metro.tokyo.lg.jp/en/tenbou/index.html
2410872058,node,Tokyo,首都圏4000万人の生活と産業を支える東京港,首都圏4000万人の生活と産業を支える東京港,,,viewpoint,35.620496,139.769112,0,不明,,,,,,,
2455022781,node,Tokyo,救命艇,救命艇,,,viewpoint,35.6192229,139.7737283,0,不明,,,,,,,
2455026456,node,Tokyo,２、３番ハッチ,２、３番ハッチ,,,viewpoint,35.6191081,139.7735413,0,不明,,,,,,,
2457988864,node,Tokyo,森鴎外記念館,森鴎外記念館,,Mori Ogai Memorial Museum,museum,35.7248452,139.760649,0,不明,,,,,Q84836242,ja:文京区立森鷗外記念館,
2467725074,node,Tokyo,郷土芸能伝承館,郷土芸能伝承館,,,museum,35.778367,139.6606553,0,不明,,,,,,,
2512414734,node,Tokyo,山種美術館,山種美術館,,Yamatane Museum of Art,museum,35.6531744,139.7136407,40,部分対応,yes,,,,Q3329572,en:Yamatane Museum,http://www.yamatane-museum.or.jp
2528816507,node,Tokyo,ちいさな硝子の本の博物館,ちいさな硝子の本の博物館,,Little Museum of Glass Books,museum,35.7088736,139.8021508,0,不明,,,,,,,https://chiisanaglass.jp
2558169613,node,Tokyo,荒川知水資料館,荒川知水資料館,,Arakawa Museum Of Aqua (AMOA),museum,35.785618,139.730122,0,不明,,,,,,,
2560907823,node,Tokyo,富士見山,富士見山,,Mt. Fujimi,viewpoint,35.7338666,139.746101,0,不明,,,,,,,
2562424491,node,Tokyo,Tamano-no-iso,,,Tamano-no-iso,viewpoint,35.7325342,139.7466482,0,不明,,,,,,,
2565864323,node,Tokyo,出汐湊,出汐湊,,Deshio-no-minato,viewpoint,35.7328571,139.7470752,0,不明,,,,,,,
2684714230,node,Tokyo,旧小坂邸,旧小坂邸,,,museum,35.6216744,139.6234043,0,不明,,,,,,,
2707990752,node,Tokyo,京急デハ268,京急デハ268,,Keikyu DeHa 268,attraction,35.721599,139.6799848,0,不明,,,,,,ja:湘南電気鉄道デ1形電車,
2713524339,node,Tokyo,ジャングルクルーズ,ジャングルクルーズ,ジャングルクルーズ,Jungle Cruise,attraction,35.6339528,139.8824076,0,不明,,,,,Q2777874,ja:ジャングルクルーズ,https://www.tokyodisneyresort.jp/attraction/detail/str_id:al_jungle/
2770417080,node,Tokyo,タートル・トーク,タートル・トーク,タートル・トーク,Turtle Talk,attraction,35.6233239,139.8874676,0,不明,,,,,,,https://www.tokyodisneyresort.jp/attraction/detail/str_id:aw_turtle/
2770484862,node,Tokyo,マジックランプシアター,マジックランプシアター,マジックランプシアター,The Magic Lamp Theater,attraction,35.6285626,139.883104,0,不明,,,,,,,https://www.tokyodisneyresort.jp/attraction/detail/str_id:ac_magic/
2770501380,node,Tokyo,フランダーのフライングフィッシュコースター,フランダーのフライングフィッシュコースター,フランダーのフライングフィッシュコースター,Flounder's Flying Fish Coaster,attraction,35.6271738,139.8823191,0,不明,,,,,Q2358448,,https://www.tokyodisneyresort.jp/attraction/detail/str_id:ml_flounder/
2770537440,node,Tokyo,ブローフィッシュ・バルーンレース,ブローフィッシュ・バルーンレース,ブローフィッシュ・バルーンレース,Blowfish Balloon Race,attraction,35.6265401,139.8829696,0,不明,,,,,,,https://www.tokyodisneyresort.jp/attraction/detail/str_id:ml_balloon/
2770551169,node,Tokyo,ジャンピン・ジェリーフィッシュ,ジャンピン・ジェリーフィッシュ,ジャンピン・ジェリーフィッシュ,Jumpin' Jellyfish,attraction,35.6264458,139.8833143,0,不明,,,,,,,https://www.tokyodisneyresort.jp/attraction/detail/str_id:ml_jelly/
2770551173,node,Tokyo,マーメイドラグーンシアター,マーメイドラグーンシアター,マーメイドラグーンシアター,Mermaid Lagoon Theater,attraction,35.6262202,139.8830533,0,不明,,,,,Q30921756,ja:マーメイドラグーンシアター,
2770576773,node,Tokyo,海底2万マイル,海底2万マイル,海底2万マイル,"20,000 Leagues Under the Sea",attraction,35.6263849,139.884684,0,不明,,,,,Q54087317,"en:20,000 Leagues Under the Sea (Tokyo DisneySea)",https://www.tokyodisneyresort.jp/attraction/detail/str_id:mi_20000/
2770576786,node,Tokyo,センター・オブ・ジ・アース,センター・オブ・ジ・アース,センター・オブ・ジ・アース,Journey to the Center of the Earth,attraction,35.6257704,139.8840802,0,不明,,,,,Q3186999,ja:センター・オブ・ジ・アース (アトラクション),https://www.tokyodisneyresort.jp/attraction/detail/str_id:mi_center/
2770576798,node,Tokyo,アリエルのプレイグラウンド,アリエルのプレイグラウンド,アリエルのプレイグラウンド,Ariel's Playground,attraction,35.6267105,139.8830194,0,不明,,,,,,,https://www.tokyodisneyresort.jp/attraction/detail/str_id:ml_play/
2802694590,node,Tokyo,ナンジャタウン,ナンジャタウン,,Namjatown,attraction,35.7288803,139.7196965,0,不明,,,,,Q5364305,,http://www.namco.co.jp/tp/namja/
2831443159,node,Tokyo,Gallery Mosto,Gallery Mosto,,,gallery,35.6674604,139.7177987,0,不明,,,,,,,
2866251362,node,Tokyo,富士見山,富士見山,,Fujimiyama Hill,viewpoint,35.6575899,139.7626023,0,不明,,,,,,,
2884261492,node,Tokyo,ギャラリー 舞,ギャラリー 舞,,Gallery Mai,gallery,35.6719973,139.7703369,0,不明,,,,,,,
2916039585,node,Tokyo,木岡英三郎梅子記念資料室,木岡英三郎梅子記念資料室,,,museum,35.6980422,139.6166559,0,不明,,,,,,,
2930640182,node,Tokyo,ワタリウム美術館,ワタリウム美術館,,The Watari Museum Contemporary Art,museum,35.6706976,139.7133661,0,不明,,,,,Q3915469,ja:ワタリウム美術館,http://www.watarium.co.jp/
2948915145,node,Tokyo,キッザニア東京,キッザニア東京,,Kidzania Tokyo,theme_park,35.6563097,139.7913488,0,不明,,,,,Q5363436,en:KidZania Tokyo,https://www.kidzania.jp/tokyo/
2965564826,node,Tokyo,石洞美術館,石洞美術館,,Sekido Museum of Art,museum,35.7409386,139.7958609,0,不明,,,,,,,https://sekido-museum.jp/
2979173030,node,Tokyo,ギャラリー鏤美,ギャラリー鏤美,,,gallery,35.6666416,139.7171159,0,不明,no,,,,,,http://www.gallery-rubi.com/
2979173031,node,Tokyo,spaceyui,spaceyui,,,gallery,35.6668181,139.7172527,0,不明,no,,,,,,http://spaceyui.com/
2999882990,node,Tokyo,秋山庄太郎写真美術館,秋山庄太郎写真美術館,,,museum,35.6633995,139.7176082,0,不明,,,,,,,http://akiyama-shotaro.com/
3002725536,node,Tokyo,Nadar,Nadar,,,gallery,35.6672757,139.715634,0,不明,,,,,,,
3004012451,node,Tokyo,荒川ロックゲート,荒川ロックゲート,,Arakawa lock gate,viewpoint,35.6829903,139.8473867,20,未対応,limited,,,,,,
3098266489,node,Tokyo,SNOW Contemporary,SNOW Contemporary,,,gallery,35.6363563,139.6515776,0,不明,,,,,,,
3164340661,node,Tokyo,東京ステーションギャラリー,東京ステーションギャラリー,,Tokyo Station Gallery,museum,35.6824302,139.7664939,40,部分対応,yes,,,,Q115265693,ja:東京ステーションギャラリー,http://www.ejrcf.or.jp/gallery/
3198101062,node,Tokyo,一客,一客,,,gallery,35.6683536,139.7119176,40,部分対応,yes,,,,,,
3243954081,node,Tokyo,新宿眼科画廊,新宿眼科画廊,,,gallery,35.6947258,139.7063056,0,不明,no,,no,,Q11501861,ja:新宿眼科画廊,
3243965676,node,Tokyo,The Artcomplex Center of Tokyo,The Artcomplex Center of Tokyo,,,gallery,35.6843446,139.7178873,0,不明,,,,,,,
3244128135,node,Tokyo,アート☆アイガ,アート☆アイガ,,,gallery,35.6762843,139.7772049,0,不明,,,,,,,
3257739474,node,Tokyo,富士山の見える場所,富士山の見える場所,,,viewpoint,35.6578739,139.6604179,40,部分対応,yes,,,,,,
3257774992,node,Tokyo,ダイダラボッチ伝説の地,ダイダラボッチ伝説の地,,,attraction,35.6659442,139.6623138,0,不明,,,,,,,
3258775394,node,Tokyo,Shiseido Gallery,Shiseido Gallery,,,museum,35.6685768,139.7618973,0,不明,,,,,,,
3258793182,node,Tokyo,MMM Maison des Musees du Monde,MMM Maison des Musees du Monde,,Ghinza Graphic Gallery,museum,35.6696832,139.7625645,0,不明,no,,,,,,
3281487084,node,Tokyo,Gallery Out of Palce Tokyo,Gallery Out of Palce Tokyo,,,gallery,35.7041687,139.7710301,0,不明,,,,,,,
3281487086,node,Tokyo,A/A gallery,A/A gallery,,,gallery,35.7042278,139.771041,0,不明,,,,,,,
3281487089,node,Tokyo,3331ギャラリー,3331ギャラリー,,,gallery,35.7041133,139.7710299,0,不明,,,,,,,
3281487091,node,Tokyo,nap gallery,nap gallery,,,gallery,35.70426,139.7710476,0,不明,,,,,,,
3281487094,node,Tokyo,アキバタマビ21,アキバタマビ21,,Akiba-tamabi 21,gallery,35.7041973,139.7705847,0,不明,,,,,,,http://akibatamabi21.com/
3281487096,node,Tokyo,island MEDIUM,island MEDIUM,,,gallery,35.7042206,139.7709241,0,不明,,,,,,,
3281487102,node,Tokyo,イムラアートギャラリー東京,イムラアートギャラリー東京,,,gallery,35.7041794,139.770922,0,不明,,,,,,,
3291293643,node,Tokyo,Observation deck,Observation deck,,,viewpoint,35.7082294,139.7522196,0,不明,,,,,,,
3322856142,node,Tokyo,T-Art Gallery,T-Art Gallery,,,gallery,35.6208332,139.7488988,0,不明,,,,,,,
3347559020,node,Tokyo,自転車文化センター,自転車文化センター,,Bicycle Culture Center,museum,35.6338346,139.7177861,0,不明,,,,,Q104698204,,
3350332480,node,Tokyo,J-World Tokyo,,,J-World Tokyo,attraction,35.7289825,139.7197757,0,不明,,,,,Q17211017,,http://www.namco.co.jp/tp/j-world/
3376106759,node,Tokyo,代田富士見橋,代田富士見橋,,,attraction,35.6579103,139.6600005,40,部分対応,yes,,,,,,
3379278628,node,Tokyo,大山街道ふるさと館,大山街道ふるさと館,,,museum,35.6033133,139.6127223,0,不明,,,,,Q20043481,ja:大山街道ふるさと館,
3387102828,node,Tokyo,FUKAGAWA BANSHO GALLERY,FUKAGAWA BANSHO GALLERY,,,gallery,35.6839346,139.7938865,0,不明,,,,,,,
3485961882,node,Tokyo,朝礼台,朝礼台,,,viewpoint,35.6588625,139.655692,40,部分対応,yes,,,,,,
3488836561,node,Tokyo,Gallery 2104,Gallery 2104,,,gallery,35.6711106,139.7217918,0,不明,,,,,,,
3608488400,node,Tokyo,中央区立郷土天文館,中央区立郷土天文館,,,museum,35.6666557,139.7766153,40,部分対応,yes,,,,,,
3618747202,node,Tokyo,Space 2*3,Space 2*3,,,gallery,35.6862158,139.7776097,0,不明,,,,,,,
3666894176,node,Tokyo,相田みつを美術館,相田みつを美術館,,Mitsuo Aida Museum,museum,35.6774598,139.7645151,40,部分対応,yes,,,,Q11582309,ja:相田みつを美術館,
3677117862,node,Tokyo,parabolica-bis,parabolica-bis,,,gallery,35.6987036,139.7894322,0,不明,,,,,,,
3677243162,node,Tokyo,みうらじろうギャラリー,みうらじろうギャラリー,,,gallery,35.6894239,139.7778038,0,不明,,,,,,,
3692911380,node,Tokyo,ペニーアーケード,ペニーアーケード,ペニーアーケード,Penny Arcade,attraction,35.6340158,139.8795555,0,不明,,,,,,,
3782895619,node,Tokyo,画廊 くにまつ,画廊 くにまつ,,Gallery KUNIMATSU aoyama,gallery,35.6711684,139.7215469,0,不明,,,,,,,
3789921348,node,Tokyo,Shoichiro,Shoichiro,,,gallery,35.6801773,139.7719477,0,不明,,,,,,,
3789923357,node,Tokyo,MASATAKA CONTEMPORARY,MASATAKA CONTEMPORARY,,,gallery,35.6801602,139.7719577,0,不明,,,,,,,
3791091405,node,Tokyo,小田急線世田谷代田駅旧跨線橋,小田急線世田谷代田駅旧跨線橋,,,viewpoint,35.6580706,139.6618075,0,不明,,,,,,,
3822459246,node,Tokyo,独立行政法人国立科学博物館附属自然教育園,独立行政法人国立科学博物館附属自然教育園,,Institute for Nature Study,zoo,35.636007,139.721312,40,部分対応,yes,,,,,,
3835272257,node,Tokyo,江戸下町伝統工芸館,江戸下町伝統工芸館,江戸下町伝統工芸館,Edo Taitō Traditional Crafts Museum,museum,35.716384,139.793803,40,部分対応,yes,入口は１，２ｃｍの段差はあるが、１人での入館可能。２階の展示を見る際は、いす式階段昇降機を使用する。 トイレは１階にあるが、受付で開錠してもらった後使用可能。扉はスライドドアになっている（ボタン開閉ではない。）照明のスイッチが手動式で入口右上のやや上の壁に設置されているため車椅子の場合、押しにくい場合がある。（20151114）,,,,,
3910153867,node,Tokyo,素人の乱12号店,素人の乱12号店,,,gallery,35.7066759,139.6463856,0,不明,,,,,,,
3910177581,node,Tokyo,ギャラリーR,ギャラリーR,,,gallery,35.7012144,139.6476282,0,不明,,,,,,,
3921822957,node,Tokyo,TOKYO ミナトリエ,TOKYO ミナトリエ,,Tokyo Minatorie,museum,35.617544,139.7785757,0,不明,,,,,,,
3977671311,node,Tokyo,青山｜目黒,青山｜目黒,,Aoyama Meguro,gallery,35.6387933,139.6977144,0,不明,,,,,,,
4013796962,node,Tokyo,しょうけい館,しょうけい館,,Shokei-Kan,museum,35.694969,139.7522219,0,不明,,,,,Q11269143,ja:しょうけい館,
4032273632,node,Tokyo,気象科学館,気象科学館,気象科学館,Museum of Meteorological Science,museum,35.6656723,139.7459572,0,不明,,,,,Q16872707,ja:気象科学館,
4041178521,node,Tokyo,ギャラリー椿,ギャラリー椿,,Gallery Tsubaki,gallery,35.6754985,139.7685824,0,不明,no,,,,,,
4059140708,node,Tokyo,日中友好会館美術館,日中友好会館美術館,,Japan-China Friendship Center Museum,museum,35.7040532,139.7477579,0,不明,,,,,,,
4071181079,node,Tokyo,三菱史料館,三菱史料館,,Mitsubishi Economic Research Archives,museum,35.7096557,139.765997,0,不明,,,,,Q11357080,ja:三菱史料館,
4071196400,node,Tokyo,わだつみのこえ記念館,わだつみのこえ記念館,,Wadatsumi no Koe Museum,museum,35.7112344,139.7590945,0,不明,,,,,,,http://www.wadatsuminokoe.org
4154282189,node,Tokyo,思い出横丁,思い出横丁,,Omoide-yokocho,attraction,35.6930689,139.6995016,40,部分対応,yes,,,,Q11501868,ja:新宿西口商店街,
4165484098,node,Tokyo,Restaurants Sushi e Cenas,Restaurants Sushi e Cenas,,,attraction,35.7082202,139.7742278,0,不明,,,,,,,
4168568742,node,Tokyo,柳原閘門,柳原閘門,,Yanagihara lock gate,attraction,35.7520051,139.891982,0,不明,,,,近代化産業遺産,Q11534148,ja:柳原水閘,
4172439352,node,Tokyo,野菊苑,野菊苑,,,viewpoint,35.7604492,139.8950534,0,不明,,,,,,,
4183500642,node,Tokyo,お札と切手の博物館,お札と切手の博物館,お札と切手の博物館,Banknote and Postage Stamp Museum,museum,35.7543212,139.7392655,0,不明,,,,,Q11263157,,
4197333989,node,Tokyo,Artone,Artone,,,gallery,35.6670082,139.7158605,0,不明,,,,,,,
4218498494,node,Tokyo,スカイ ザ バスハウス,スカイ ザ バスハウス,,SCAI THE BATHHOUSE,gallery,35.7218327,139.7704856,0,不明,,,,,,,https://www.scaithebathhouse.com/
4218532816,node,Tokyo,すぺーす小倉屋,すぺーす小倉屋,,Space Oguraya,gallery,35.7247196,139.7688923,0,不明,,,,,Q22119120,ja:すぺーす小倉屋,http://www.oguraya.gr.jp
4270881089,node,Tokyo,台東区立一葉記念館,台東区立一葉記念館,,Ichiyo Memorial Museum,museum,35.7255542,139.7928116,0,不明,,,,,Q11353179,,
4272532291,node,Tokyo,インターメディアテク,インターメディアテク,,Intermediatheque,museum,35.6800322,139.764534,40,部分対応,yes,,,,,,http://www.intermediatheque.jp/
4303422825,node,Tokyo,タイトー ゲームセンター,Taito Station Shinjuku South Exit,タイトー ゲームセンター,,attraction,35.689805,139.7022802,20,未対応,limited,,,,,,
4316519292,node,Tokyo,渋谷スクランブル交差点展望台,Watch Shibuya Crossing,渋谷スクランブル交差点展望台,,viewpoint,35.658653,139.6998497,40,部分対応,yes,,,,,,
4320532591,node,Tokyo,スカイザバスハウス,スカイザバスハウス,,SCAI THE BATHHOUSE,gallery,35.7217444,139.770495,0,不明,,,,,,,https://www.scaithebathhouse.com/
4339479395,node,Tokyo,TAV gallery,TAV gallery,,,gallery,35.7082618,139.6360516,0,不明,,,,,,,
4348162791,node,Tokyo,天神湯 ( てんじんゆ ),天神湯 ( てんじんゆ ),,,attraction,35.6991187,139.6896393,0,不明,,,,,,,
4376204494,node,Tokyo,日本酒造会馆,日本の酒情報館,日本酒造会馆,Japan Sake and Shōchū Information Center,museum,35.6698023,139.7525029,0,不明,,,,,,,https://japansake.or.jp/
4376209020,node,Tokyo,RED AND BLUE GALLERY,RED AND BLUE GALLERY,,,gallery,35.67278,139.7731996,0,不明,,,,,,,
4379340492,node,Tokyo,ハイパーレーン,ハイパーレーン,,Hyperlane,attraction,35.7327694,139.7135437,0,不明,,,,,,,https://hyperlane.com/
4402394298,node,Tokyo,影向の松,影向の松,,,viewpoint,35.7274517,139.8936222,0,不明,,,,,,,
4403659290,node,Tokyo,芝浦アイランドエアタワーer,芝浦アイランドエアタワー,芝浦アイランドエアタワーer,Shibura Island Airtower,attraction,35.6411314,139.7520058,0,不明,,,,,,,
4409374259,node,Tokyo,試衛館跡,試衛館跡,,,attraction,35.699034,139.726753,0,不明,,,,,,,
4434538192,node,Tokyo,アウル,アウル,アウル,OWL,attraction,35.7334991,139.7112121,0,不明,,,,,,,
4437654809,node,Tokyo,トレインミュージアム,トレインミュージアム,,Train Museum,viewpoint,35.7285652,139.7705097,0,不明,,,,,,,
4439022201,node,Tokyo,"Street art ""Now Is Forever""",,,"Street art ""Now Is Forever""",attraction,35.6696183,139.7088172,0,不明,,,,,,,
4439024091,node,Tokyo,Aoyama St. Grace Cathedral,,,Aoyama St. Grace Cathedral,attraction,35.6646235,139.7095717,0,不明,,,,,,,
4440457662,node,Tokyo,カタ/コンベ,カタ/コンベ,,,gallery,35.7165823,139.6665303,0,不明,,,,,,,
4441401292,node,Tokyo,Tokyo Bay Lookout,,,Tokyo Bay Lookout,viewpoint,35.6557462,139.7643564,0,不明,,,,,,,
4442533093,node,Tokyo,Metrix,,,Metrix,attraction,35.6627325,139.7341023,0,不明,,,,,,,
4449910691,node,Tokyo,Gardens Free Guided Tour,,,Gardens Free Guided Tour,attraction,35.6830719,139.7580866,0,不明,,,,,,,
4449920089,node,Tokyo,Front of Main Gate of Tokyo Imperial Palace,,,Front of Main Gate of Tokyo Imperial Palace,viewpoint,35.6796712,139.7555257,0,不明,,,,,,,
4450085691,node,Tokyo,Akio Nagasawa Gallery,,,Akio Nagasawa Gallery,gallery,35.6706253,139.7670475,0,不明,,,,,,,
4460646696,node,Tokyo,Alice on Wednesday,,,Alice on Wednesday,attraction,35.6673035,139.7042469,0,不明,,,,,,,https://www.aliceonwednesday.jp/
4464470193,node,Tokyo,Up The Stairs,,,Up The Stairs,viewpoint,35.6281932,139.7111826,0,不明,,,,,,,
4486828091,node,Tokyo,Snack Store Panorama,,,Snack Store Panorama,attraction,35.7201722,139.7954152,0,不明,,,,,,,
4496270457,node,Tokyo,白白庵,白白庵,,,gallery,35.6690272,139.7202335,0,不明,,,,,,,
4496960001,node,Tokyo,アメヤ横丁,アメヤ横丁,,Ameya-Yokochō,attraction,35.7100592,139.7745428,40,部分対応,yes,,,,Q864815,ja:アメヤ横丁,
4551139394,node,Tokyo,東京トリックアート迷宮館,東京トリックアート迷宮館,,Tokyo Trick Art Museum,museum,35.6293861,139.7766516,0,不明,,,,,,,https://trickart.info/
4562845191,node,Tokyo,Skytree viewing mirror,,,Skytree viewing mirror,attraction,35.7088781,139.8076793,0,不明,,,,,,,
4579436893,node,Tokyo,D47 Museum,,,D47 Museum,museum,35.658959,139.703338,0,不明,,,,,,,
4605597193,node,Tokyo,アド・ミュージアム東京,アド・ミュージアム東京,,Advertising Museum Tokyo,museum,35.6645224,139.7626413,0,不明,,,,,Q11284141,ja:アド・ミュージアム東京,
4605641289,node,Tokyo,御亭山,御亭山,,,viewpoint,35.6588064,139.7635798,0,不明,,,,,,,
4609249704,node,Tokyo,佃まちかど展示館,佃まちかど展示館,,Tsukuda Machikado Museum,museum,35.6678004,139.7822229,0,不明,no,,,,Q109166065,,
4628815692,node,Tokyo,健康と医学の博物館,健康と医学の博物館,健康と医学の博物館,Museum of Health and Medicine,museum,35.7100384,139.7643646,40,部分対応,yes,,,,,,
4646514992,node,Tokyo,東京ラーメンストリート,東京ラーメンストリート,東京ラーメンストリート,Tokyo Ramen Street,attraction,35.6803754,139.7678774,40,部分対応,yes,,,,Q11524461,ja:東京ラーメンストリート,https://www.tokyoeki-1bangai.co.jp/street/ramen/
4662967611,node,Tokyo,品川一里塚,品川一里塚,,,attraction,35.619985,139.7421504,0,不明,,,,,,,
4666511790,node,Tokyo,マダム・タッソー東京,マダム・タッソー東京,マダム・タッソー東京,Madame Tussauds Wax Museum,museum,35.6291304,139.7760685,0,不明,,,,,,,https://www.madametussauds.jp/tokyo/ja/
4670288696,node,Tokyo,阿美橫丁,阿美橫丁,阿美橫丁,Ami Yokocho,attraction,35.7097123,139.7743577,20,未対応,limited,,,,,,
4681181066,node,Tokyo,そなエリア東京 防災体験学習施設,そなエリア東京 防災体験学習施設,,Museum for disaster prevention in Tokyo,museum,35.6351622,139.794216,0,不明,,,,,,,
4691630391,node,Tokyo,合羽橋,合羽橋,,Kappabashi kitchen street,attraction,35.7125201,139.7885498,0,不明,,,,,,,
4719495289,node,Tokyo,Mosaic Street,,,Mosaic Street,attraction,35.6910955,139.6991799,0,不明,,,,,,,
4736323978,node,Tokyo,二重橋前,,二重橋前,Front of Nijūbashi,viewpoint,35.6802604,139.7546722,0,不明,,,,,,,
4740795024,node,Tokyo,Naka-dori,,,Naka-dori,viewpoint,35.678537,139.7623099,40,部分対応,yes,,,,,,
4752739745,node,Tokyo,杉並アニメーションミュージアム,杉並アニメーションミュージアム,杉並アニメーションミュージアム,Suginami Animation Museum,museum,35.7104595,139.6077195,0,不明,,,,,Q11095134,,https://sam.or.jp/
4773491042,node,Tokyo,Bridge with river and cherry blossom view,Bridge with river and cherry blossom view,,Meguro River,attraction,35.6358999,139.7084871,0,不明,,,,,,,
4784287722,node,Tokyo,Meiji Jingū Forest,,,Meiji Jingū Forest,attraction,35.6754882,139.6973748,0,不明,,,,,,,
4803759626,node,Tokyo,La Porte Aoyama,La Porte Aoyama,La Porte Aoyama,,attraction,35.6628143,139.709538,0,不明,,,,,,,
4807675725,node,Tokyo,サントリー美術館,サントリー美術館,サントリー美術館,Suntory Museum of Art,museum,35.6664346,139.7304575,40,部分対応,yes,,,,Q11249110,ja:サントリー美術館,
4842752724,node,Tokyo,自由学園明日館,自由学園明日館,,,museum,35.7264951,139.7072695,0,不明,,,,,,,
4848865521,node,Tokyo,東京大学農学資料館,東京大学農学資料館,,,museum,35.716155,139.758873,40,部分対応,yes,,,,,,
4857120193,node,Tokyo,幻戯山房～すぎなみ詩歌館～,幻戯山房～すぎなみ詩歌館～,,,museum,35.6988419,139.6244365,0,不明,,,,,,,
4861418134,node,Tokyo,郷土博物館分館,郷土博物館分館,,,museum,35.7088509,139.6212009,0,不明,,,,,,,
4863012157,node,Tokyo,西田小学校郷土資料展示室,西田小学校郷土資料展示室,,,museum,35.6947346,139.6215769,0,不明,,,,,,,
4879948722,node,Tokyo,亀戸梅屋敷,亀戸梅屋敷,亀戸梅屋敷,Kameido Umeyashiki,attraction,35.7016038,139.8255702,0,不明,,,,,Q133809283,ja:亀戸梅屋敷,https://kameido-umeyashiki.com
4881027723,node,Tokyo,歌舞伎町,歌舞伎町,,Kabukicho,attraction,35.6952491,139.7031183,0,不明,no,,,,,,
4881036321,node,Tokyo,Electric Street,,,Electric Street,attraction,35.688775,139.6975936,0,不明,no,,,,,,
4899711029,node,Tokyo,Daikanyama neighborhood,,,Daikanyama neighborhood,attraction,35.6487983,139.7015874,0,不明,,,,,,,
4928552025,node,Tokyo,亀戸の富士塚,亀戸の富士塚,亀戸の富士塚,Kameido no Fujizuka,attraction,35.695902,139.8441876,0,不明,,,,,Q120174882,,
4932084625,node,Tokyo,錦糸町道場,錦糸町道場,錦糸町道場,Kinshichodoujou,attraction,35.688094,139.8097842,0,不明,,,,,,,
4932090521,node,Tokyo,土俵,土俵,土俵,Sumo Ring,attraction,35.6961211,139.7928128,0,不明,,,,,,,
4934083623,node,Tokyo,ご近所ギャラリー吾郎,ご近所ギャラリー吾郎,,,gallery,35.7042762,139.7737895,0,不明,,,,,,,
4941661124,node,Tokyo,night Market,,,night Market,attraction,35.6613765,139.668979,0,不明,,,,,,,
4947850854,node,Tokyo,たいとうアートギャラリー,たいとうアートギャラリー,,,gallery,35.7126533,139.7799259,40,部分対応,yes,,,,,,
4954031934,node,Tokyo,ギャラリーピッコロ,ギャラリーピッコロ,,Gallery Piccolo,gallery,35.7046461,139.7694276,0,不明,,,,,,,
4956405780,node,Tokyo,情報学環オープンスタジオ,情報学環オープンスタジオ,,,gallery,35.7114214,139.7612027,0,不明,no,,,,,,
4971567741,node,Tokyo,Nanatsu Gallery,Nanatsu Gallery,,,gallery,35.6611518,139.7226346,0,不明,,,,,,,
4973091811,node,Tokyo,FAITH,FAITH,,,gallery,35.702235,139.6545349,0,不明,,,,,,,
4975003383,node,Tokyo,白根記念渋谷区郷土博物館,白根記念渋谷区郷土博物館,,,museum,35.6564391,139.712542,0,不明,,,,"郷土の歴史とと文化を学び新たな”渋谷らしさ""の創造を目指す。",Q21019078,ja:白根記念渋谷区郷土博物館・文学館,
4987573179,node,Tokyo,びわ湖長浜観音ハウス,びわ湖長浜観音ハウス,,,gallery,35.7112349,139.7730445,0,不明,,,,,,,http://www.nagahama-kannon-house.jp/
4987634563,node,Tokyo,ハス,ハス,,Lotus flower,attraction,35.7131688,139.7717749,0,不明,,,,,,,
4987676505,node,Tokyo,鳥たちのおうち2,鳥たちのおうち2,,Aviary 2,zoo,35.7137122,139.7717589,0,不明,,,,,,,
4987697650,node,Tokyo,カワウ,カワウ,,,attraction,35.7134594,139.7715925,0,不明,,,,,,,
4987930972,node,Tokyo,ちいさな動物たちのおうち,ちいさな動物たちのおうち,,,zoo,35.7136353,139.7717984,0,不明,,,,,,,
4999493525,node,Tokyo,屋上庭園,屋上庭園,屋上庭園,Roof Garden,attraction,35.673678,139.7791065,0,不明,,,,,,,
5016411427,node,Tokyo,D51機関車の動輪,D51機関車の動輪,,,attraction,35.6661,139.7587437,0,不明,,,,,,ja:国鉄D51形蒸気機関車,
5021841424,node,Tokyo,Time capsule 1982-2032,,,Time capsule 1982-2032,attraction,35.6434256,139.6823485,0,不明,,,,,,,
5027602026,node,Tokyo,田河水泡・のらくろ館,田河水泡・のらくろ館,,Tagawa Suiho Norakuro Museum,museum,35.6850919,139.8023628,0,不明,,,,,Q17209701,ja:田河水泡・のらくろ館,
5080878021,node,Tokyo,Happy Hearts,,,Happy Hearts,attraction,35.671342,139.704565,0,不明,,,,,,,
5084839932,node,Tokyo,Look St,,,Look St,attraction,35.7025883,139.6480624,0,不明,,,,,,,
5084840728,node,Tokyo,Junjo Shotengai,,,Junjo Shotengai,attraction,35.7062622,139.6497211,0,不明,,,,,,,
5102954824,node,Tokyo,柳原千草園,柳原千草園,,Yanagihara chigusaen Garden,attraction,35.7457583,139.814783,0,不明,,,,,,,
5102970721,node,Tokyo,屋上スカイツリー展望,屋上スカイツリー展望,屋上スカイツリー展望,roof sightseeing SKYTREE,attraction,35.7119443,139.7982413,0,不明,,,,,,,
5102971621,node,Tokyo,緑と花の学習園,緑と花の学習園,緑と花の学習園,FlowerGarden,attraction,35.7089048,139.8253781,0,不明,,,,,,,
5116257070,node,Tokyo,OPPO,OPPO,,,gallery,35.7061522,139.635314,0,不明,,,,,,,
5116273010,node,Tokyo,オノマトペ,オノマトペ,,,gallery,35.7127169,139.6347235,0,不明,,,,,,,
5116299691,node,Tokyo,世界各国縁起物資料館,世界各国縁起物資料館,,,museum,35.72713,139.6304912,0,不明,,,,,,,
5140786131,node,Tokyo,パチンコ アバンザ,パチンコ アバンザ,,Pachinko Avanza,attraction,35.7612457,139.7212454,0,不明,,,,,,,
5147139423,node,Tokyo,Clone Factory (Build a replica of yourself),Clone Factory (Build a replica of yourself),,,attraction,35.6974253,139.772526,0,不明,,,,,,,
5155782825,node,Tokyo,アトリエ アラン・ウエスト,アトリエ アラン・ウエスト,,atelier artiste Allan west,gallery,35.7215281,139.7678377,0,不明,,,,,,,
5158143489,node,Tokyo,こども鉱物館,こども鉱物館,,,museum,35.6744925,139.7092578,0,不明,,,,,,,
5158749023,node,Tokyo,レゴランド・ディスカバリー・センター,レゴランド・ディスカバリー・センター,,Legoland Discovery Center,theme_park,35.6288171,139.775669,20,未対応,limited,,,,Q30934236,ja:レゴランド・ディスカバリー・センター東京,
5161825322,node,Tokyo,ポーラ ミュージアム アネックス,ポーラ ミュージアム アネックス,ポーラ ミュージアム アネックス,Pola Museum Annex,museum,35.6742479,139.7679885,0,不明,,,,,,,
5161860624,node,Tokyo,（株）秋華洞 Gallery Shukado,（株）秋華洞 Gallery Shukado,,,museum,35.6710329,139.7614285,0,不明,,,,,,,
5161860625,node,Tokyo,柴田悦子画廊,柴田悦子画廊,柴田悦子画廊,Chibata Etsuko Gallery,gallery,35.6750596,139.7674255,0,不明,no,,,,,,http://shibataetsuko.com/
5165879121,node,Tokyo,草間彌生美術館,,草間彌生美術館,Yayoi Kusama Museum,museum,35.7032011,139.7264837,55,対応済,yes,,yes,,Q65941212,ja:草間彌生美術館,https://yayoikusamamuseum.jp/
5172041100,node,Tokyo,方南銀座商店街,方南銀座商店街,,,attraction,35.683558,139.6584106,40,部分対応,yes,,,,,,
5199753933,node,Tokyo,関口美術館,関口美術館,,,museum,35.6595753,139.8665866,0,不明,,,,,,,
5232392027,node,Tokyo,はねかめ,はねかめ,,HANEKAME,attraction,35.6979328,139.824866,0,不明,,,,,,,
5237361821,node,Tokyo,Shinjuku Information Center,,,Shinjuku Information Center,attraction,35.6895874,139.701863,0,不明,,,,,,,
5237380313,node,Tokyo,銀座レトロギャラリー　MUSEE,銀座レトロギャラリー　MUSEE,,,gallery,35.6730917,139.7705481,0,不明,,,,,,,
5237390669,node,Tokyo,創画廊,創画廊,,,gallery,35.6708877,139.7685693,0,不明,,,,,,,
5283562900,node,Tokyo,渋谷区立松濤美術館,渋谷区立松濤美術館,,,museum,35.6586602,139.6917198,0,不明,,,,,Q11561694,ja:渋谷区立松濤美術館,
5292835775,node,Tokyo,さざれ石,さざれ石,,,attraction,35.7015606,139.7679825,0,不明,,,,,,,
5313158724,node,Tokyo,Studio Booty,Studio Booty,,,attraction,35.6887858,139.8389295,0,不明,,,,,,,
5337040199,node,Tokyo,お台場,お台場,お台場,Odaiba,attraction,35.6275347,139.7714719,0,不明,,,,,Q211861,ja:お台場,
5369137422,node,Tokyo,Reflection of a Mineral House,,,Reflection of a Mineral House,attraction,35.6863921,139.6756869,0,不明,,,,,,,
5403391605,node,Tokyo,神田古書店街,神田古書店街,神田古書店街,Kanda Book Town,attraction,35.69586,139.7586067,0,不明,,,,,Q10445002,ja:神田古書店街,
5403425184,node,Tokyo,出光美術館,出光美術館,,Idemitsu Museum of Arts,museum,35.6763721,139.7609079,40,部分対応,yes,,,,Q3076590,en:Idemitsu Museum of Arts,https://idemitsu-museum.or.jp/
5409342795,node,Tokyo,アトリエ虹,アトリエ虹,,,gallery,35.6550026,139.6316729,0,不明,,,,,,,
5412443691,node,Tokyo,46階展望スペース,46階展望スペース,,Caretta Shiodome Observation Deck 46th floor,viewpoint,35.6642722,139.762675,0,不明,,,,,,,
5425963721,node,Tokyo,"""Birdhouse"" private house",,,"""Birdhouse"" private house",attraction,35.6709548,139.6418174,0,不明,,,,,,,
5439020592,node,Tokyo,汐留SIO-SITE,汐留SIO-SITE,汐留SIO-SITE,Shiodome Sio-Site,attraction,35.6646201,139.7604893,0,不明,,,,,Q1185910,ja:汐留,
5439427932,node,Tokyo,横綱土俵入り像,横綱土俵入り像,,Yokoduna dohyouiri monument,attraction,35.6956557,139.7919432,0,不明,,,,,,,
5439434433,node,Tokyo,標準水準点,標準水準点,,Japanese Datum of Lebeling,attraction,35.6772124,139.7478515,0,不明,,,,,,,
5445799065,node,Tokyo,Gallery Hinoki,Gallery Hinoki,,,gallery,35.6952821,139.7597075,0,不明,,,,,,,
5449713526,node,Tokyo,Saint gobain,Saint gobain,,,viewpoint,35.6831197,139.7400542,0,不明,,,,,,,
5462061823,node,Tokyo,Tokyo Gate Bridge Viewpoint,,,Tokyo Gate Bridge Viewpoint,viewpoint,35.6178666,139.831387,0,不明,,,,,,,
5471047452,node,Tokyo,赤坂サカス,赤坂サカス,赤坂サカス,akasaka Sacas,attraction,35.6723363,139.7355878,0,不明,,,,,Q864638,ja:赤坂サカス,https://sacas.net/
5479183835,node,Tokyo,ULALA,ULALA,,,gallery,35.7250065,139.7609963,0,不明,,,,,,,
5495141960,node,Tokyo,金城次郎ギャラリー,金城次郎ギャラリー,,,gallery,35.6716855,139.607237,0,不明,,,,,,,
5537282825,node,Tokyo,Yoyogi Park Rockers,,,Yoyogi Park Rockers,attraction,35.6690741,139.7011219,0,不明,,,,,,,
5539721529,node,Tokyo,河津桜,河津桜,,KAWADU Sakura cherry blossom,attraction,35.6729956,139.8098145,0,不明,,,,,,,
5575697322,node,Tokyo,Big Neon Boards,,,Big Neon Boards,attraction,35.6907459,139.7015121,0,不明,,,,,,,
5580334182,node,Tokyo,富士見台,富士見台,,,viewpoint,35.6888875,139.6902041,0,不明,,,,,,,
5603040004,node,Tokyo,箕輪,箕輪,,,attraction,35.705342,139.815162,0,不明,,,,,,,
5603040005,node,Tokyo,はとバス東京営業所,はとバス東京営業所,,,attraction,35.679007,139.765747,0,不明,,,,,,,
5608306764,node,Tokyo,2549,2549,,,gallery,35.7136973,139.6690618,0,不明,,,,,,,
5608342777,node,Tokyo,meee,meee,,,gallery,35.7113918,139.6672338,0,不明,,,,,,,http://www.meee.jp/
5625568221,node,Tokyo,春花園BONSAI美術館,春花園BONSAI美術館,,Shunkaen BONSAI Museum,museum,35.702659,139.8883206,0,不明,,,,,Q29570077,en:Shunkaen Bonsai Museum,https://kunio-kobayashi.com/
5632475574,node,Tokyo,水琴窟,水琴窟,,,attraction,35.7075342,139.7687091,0,不明,,,,,,,
5640559022,node,Tokyo,YUNIKA VISION,,,YUNIKA VISION,attraction,35.6934337,139.7005679,0,不明,,,,,,,
5668194825,node,Tokyo,両国花火資料館,両国花火資料館,,Ryogoku Fireworks Museum,museum,35.6939005,139.7917584,0,不明,,,,,Q21014218,ja:両国花火資料館,
5689780701,node,Tokyo,EUKARYOTE,EUKARYOTE,,,gallery,35.6710282,139.7136497,0,不明,,,,,,,
5715209502,node,Tokyo,幽冥鐘,幽冥鐘,,,attraction,35.6988682,139.7967718,0,不明,no,,,,,,
5721701872,node,Tokyo,史跡 駒止井戸,史跡 駒止井戸,,,attraction,35.6980578,139.7938889,0,不明,no,,,,,,
5721701873,node,Tokyo,駒止石,駒止石,,,attraction,35.6980375,139.7938697,0,不明,no,,,,,,
5793910853,node,Tokyo,Ame Yocco Market,,,Ame Yocco Market,attraction,35.7089093,139.7747832,0,不明,,,,,,,
5808073053,node,Tokyo,大奥跡,大奥跡,大奥跡,Site of Ōoku,attraction,35.6873627,139.7553982,0,不明,,,,,Q1064983,ja:大奥,
5833877562,node,Tokyo,第二中里踏切,第二中里踏切,第二中里踏切,Daini Nakazato Crossing,attraction,35.7391202,139.7526088,0,不明,,,,,,,
5863065326,node,Tokyo,Gundam Statue ガンダム立像,Gundam Statue ガンダム立像,,,attraction,35.7250397,139.6036625,0,不明,,,,,,,
5863083085,node,Tokyo,Gundam Statue ガンダム立像,Gundam Statue ガンダム立像,,,attraction,35.7250269,139.6035718,0,不明,,,,,,,
5864889885,node,Tokyo,La vita,,,La vita,attraction,35.6107546,139.6681519,0,不明,,,,,,,
5872601797,node,Tokyo,南天子画廊,南天子画廊,,Nantenshi Gallery,gallery,35.6753673,139.7701835,0,不明,,,,,,,https://nantenshi.com/
5894435886,node,Tokyo,Tokyo Toy Museum,,,Tokyo Toy Museum,museum,35.6897793,139.7179766,0,不明,,,,,Q11524018,ja:東京おもちゃ美術館,http://goodtoy.org
5898813824,node,Tokyo,吉村昭記念文学館,吉村昭記念文学館,吉村昭記念文学館,,museum,35.7393522,139.7838205,0,不明,,,,,Q38277897,ja:吉村昭記念文学館,
5911509487,node,Tokyo,刀剣博物館,刀剣博物館,,Japanese Sword Museum,museum,35.6988183,139.7937142,0,不明,,,,,Q3329874,ja:刀剣博物館,https://www.touken.or.jp/museum/
5911510186,node,Tokyo,東京バーチャルサーキット,東京バーチャルサーキット,,TOKYO VIRTUAL CIRCUIT,attraction,35.669556,139.7370353,0,不明,,,,,,,
5920275585,node,Tokyo,バードサンクチュアリ,バードサンクチュアリ,,Bird Sanctuary,attraction,35.6711253,139.6982773,0,不明,,,,,,,
5940529085,node,Tokyo,Maricar,,,Maricar,attraction,35.620969,139.7414976,0,不明,,,,,,,
5964354008,node,Tokyo,絵空箱,絵空箱,,,gallery,35.7087451,139.7301912,0,不明,,,,,,,
5966262803,node,Tokyo,ファーブル昆虫館 「虫の詩人の館」,ファーブル昆虫館 「虫の詩人の館」,,,museum,35.7297745,139.7589167,0,不明,,,,,,,
5971603396,node,Tokyo,大山,大山,,Ohyama,viewpoint,35.6545322,139.7582173,0,不明,,,,,,,
5981208786,node,Tokyo,Amazake Yokocho,Amazake Yokocho,,,attraction,35.6838236,139.7823296,0,不明,,,,,,,
6004734778,node,Tokyo,表参道画廊,表参道画廊,,Galerie Omotesando,gallery,35.6687097,139.7102822,0,不明,,,,,,,
6013142728,node,Tokyo,木材・合板博物館,木材・合板博物館,,Wood and plywood museum,museum,35.6457328,139.8317982,0,不明,,,,,Q11518627,ja:木材・合板博物館,
6018196685,node,Tokyo,池袋防災館,池袋防災館,,Life safety learning center,museum,35.7280356,139.706924,0,不明,,,,,,,
6026372096,node,Tokyo,第一三共くすりミュージアム,第一三共くすりミュージアム,,Daiichi Sankyo Kusuri Museum,museum,35.6884593,139.7756693,0,不明,,,,,Q17224188,ja:Daiichi Sankyo くすりミュージアム,
6033643885,node,Tokyo,国立近現代建築資料館,国立近現代建築資料館,,National Archives of Modern Architecture,museum,35.7096507,139.7666399,0,不明,,,,,Q28312009,ja:国立近現代建築資料館,
6048351385,node,Tokyo,国立スポーツ科学センターフットサルコート,国立スポーツ科学センターフットサルコート,,JISS Futsal Court,attraction,35.7678756,139.707255,0,不明,,,,,,,
6056394285,node,Tokyo,建設技術歴史展示室,建設技術歴史展示室,,,museum,35.6628604,139.7979043,0,不明,,,,,,,
6089493105,node,Tokyo,Galerie Adekat,Galerie Adekat,,,gallery,35.7103716,139.741987,0,不明,,,,,,,
6091770887,node,Tokyo,Gaiemmae Sta.,Gaiemmae Sta.,,,viewpoint,35.6754032,139.7124667,0,不明,,,,,,,
6121573485,node,Tokyo,Taito Station,,,Taito Station,attraction,35.7126418,139.7939006,0,不明,,,,,,,
6127216093,node,Tokyo,Sumida River Walk,,,Sumida River Walk,viewpoint,35.6803769,139.7910809,0,不明,,,,,,,
6127216094,node,Tokyo,Basho Hermitage Sites Outlook Garden,,,Basho Hermitage Sites Outlook Garden,viewpoint,35.6837325,139.7939899,0,不明,no,,,,,,
6127216096,node,Tokyo,Stairs to Street Level,,,Stairs to Street Level,viewpoint,35.6906893,139.7903451,0,不明,,,,,,,
6127216098,node,Tokyo,Hinokicho Park (Tokyo MidTown Main Winter Illumination),,,Hinokicho Park (Tokyo MidTown Main Winter Illumination),attraction,35.6665798,139.7315986,40,部分対応,yes,,,,,,
6127216099,node,Tokyo,Yebisu Garden Place Winter Illumination,,,Yebisu Garden Place Winter Illumination,attraction,35.6427745,139.713476,0,不明,,,,,,,
6127216100,node,Tokyo,Omotesando Dori Winter Illumination,,,Omotesando Dori Winter Illumination,attraction,35.6673218,139.7080856,0,不明,,,,,,,
6127216101,node,Tokyo,Chuo Dori,,,Chuo Dori,attraction,35.6806608,139.7725393,0,不明,,,,,,,
6127216103,node,Tokyo,Tōho Studio Godzilla Painting,,,Tōho Studio Godzilla Painting,attraction,35.634059,139.6042421,0,不明,,,,,,,
6127216110,node,Tokyo,Pedestrian Bridge,,,Pedestrian Bridge,viewpoint,35.752818,139.7382054,0,不明,,,,,,,
6127216118,node,Tokyo,Hibiya Subway Exit A9-2,,,Hibiya Subway Exit A9-2,attraction,35.6745536,139.7596546,0,不明,,,,,,,
6127216119,node,Tokyo,Ginza Chuo Dori Winter Illumination,,,Ginza Chuo Dori Winter Illumination,attraction,35.6791993,139.7716073,40,部分対応,yes,,,,,,
6127216120,node,Tokyo,Yamamoto Bridge (North end of Meguro River Winter Illumination),,,Yamamoto Bridge (North end of Meguro River Winter Illumination),viewpoint,35.6236614,139.7265977,0,不明,,,,,,,
6127216121,node,Tokyo,Irukibashi Park,,,Irukibashi Park,attraction,35.6185668,139.7328053,0,不明,,,,,,,
6127218288,node,Tokyo,巣鴨地蔵通り商店街,巣鴨地蔵通り商店街,,Sugamo Jizo Dori Shopping Street,attraction,35.7387979,139.7306169,0,不明,,,,,,,
6127218289,node,Tokyo,Sugamo Jizo Dori Shopping Street,,,Sugamo Jizo Dori Shopping Street,attraction,35.7367328,139.733417,0,不明,,,,,,,
6127218291,node,Tokyo,Godzilla Store,,,Godzilla Store,attraction,35.69017,139.7060551,0,不明,,,,,,,
6127218488,node,Tokyo,Shiodome City Center Winter Illumination,,,Shiodome City Center Winter Illumination,attraction,35.6653727,139.7611267,0,不明,,,,,,,
6127218489,node,Tokyo,Sumida River Walk,,,Sumida River Walk,viewpoint,35.6775433,139.7889714,0,不明,,,,,,,
6127218490,node,Tokyo,Sumida River Walk,,,Sumida River Walk,viewpoint,35.6876584,139.7929387,40,部分対応,yes,,,,,,
6127218492,node,Tokyo,Shinjuku Southern Terrace Winter Illumination,,,Shinjuku Southern Terrace Winter Illumination,attraction,35.6868199,139.7004528,0,不明,,,,,,,
6127218493,node,Tokyo,Shibuya Blue Cave Winter Illumination,,,Shibuya Blue Cave Winter Illumination,attraction,35.6660655,139.6982005,0,不明,,,,,,,
6127218494,node,Tokyo,Tokyo Illumia Winter Illumination,,,Tokyo Illumia Winter Illumination,attraction,35.6810783,139.7718197,0,不明,,,,,,,
6127218495,node,Tokyo,Meguro River Winter Illumination,,,Meguro River Winter Illumination,attraction,35.6242123,139.7259251,0,不明,,,,,,,
6127218496,node,Tokyo,South end of Ginza Illumination,,,South end of Ginza Illumination,attraction,35.6667226,139.7605136,0,不明,,,,,,,
6127218501,node,Tokyo,Pedestrian Bridge,,,Pedestrian Bridge,viewpoint,35.7535063,139.7382039,0,不明,,,,,,,
6127218504,node,Tokyo,Memorial Peace Flame,,,Memorial Peace Flame,attraction,35.655255,139.7493634,40,部分対応,yes,,,,,,
6127218507,node,Tokyo,Iruki Bridge (South end of Meguro River Winter Illumination),,,Iruki Bridge (South end of Meguro River Winter Illumination),viewpoint,35.6181055,139.7341976,0,不明,,,,,,,
6127220885,node,Tokyo,Sumida River Walk,,,Sumida River Walk,viewpoint,35.6831807,139.7935518,0,不明,,,,,,,
6141493996,node,Tokyo,Laser Trap Harajuku,Laser Trap Harajuku,,,attraction,35.6716343,139.7032967,0,不明,,,,,,,
6163717790,node,Tokyo,Ningyōchō Dori,,,Ningyōchō Dori,attraction,35.6877504,139.7810458,0,不明,,,,,,,
6163717793,node,Tokyo,Bleu Curaçao France,,,Bleu Curaçao France,attraction,35.6595303,139.6678152,0,不明,,,,,,,
6163717796,node,Tokyo,Shimokitazawa Gate,,,Shimokitazawa Gate,attraction,35.6622042,139.6681299,0,不明,,,,,,,
6163717799,node,Tokyo,Pig Design,,,Pig Design,attraction,35.6629106,139.6674055,0,不明,,,,,,,
6163717906,node,Tokyo,Antique Life,,,Antique Life,attraction,35.6631308,139.668208,0,不明,,,,,,,
6173853327,node,Tokyo,フォートレス・エクスプロレーション,フォートレス・エクスプロレーション Fortress Explorations,フォートレス・エクスプロレーション,Fortress Explorations,museum,35.6257698,139.885185,0,不明,,,,,Q11332978,en:Fortress Explorations,https://www.tokyodisneyresort.jp/en/tds/attraction/detail/245/
6175539711,node,Tokyo,スピニング岩,スピニング岩,,,attraction,35.6315883,139.8842666,0,不明,,,,,,,
6199655893,node,Tokyo,奉献酒樽,奉献酒樽,,Barrels of Sake Wrapped in Straw,attraction,35.6736842,139.7019092,0,不明,,,,,,,
6222818680,node,Tokyo,渋谷駅 A0,渋谷駅 A0,,Exit A0,attraction,35.6593672,139.6985057,0,不明,no,,,,,,
6256032285,node,Tokyo,TenQ,,,TenQ,museum,35.7034876,139.7517679,0,不明,no,,,,,,
6261728292,node,Tokyo,ギャラリー心,ギャラリー心,,Gallery Shin,museum,35.7142739,139.7848829,0,不明,,,,,,,
6266973577,node,Tokyo,江戸歴史散歩コーナー,江戸歴史散歩コーナー,江戸歴史散歩コーナー,Edo History Walking Corner,museum,35.6930474,139.7365541,0,不明,,,,,,,
6281985231,node,Tokyo,LOVEサイン、自由の女神、レインボーブリッジの展望台,,LOVEサイン、自由の女神、レインボーブリッジの展望台,"LOVE sign, Statue of Liberty, and Rainbow Bridge view",viewpoint,35.6274004,139.7722442,40,部分対応,yes,,,この人気の写真スポットは、特に夜に魅力的なレインボーブリッジと自由の女神の素晴らしい景色を提供します。カップルや訪問者が思い出に残る瞬間を捉えるための魅力的な場所です。,,,
6291685287,node,Tokyo,チームラボ プラネッツ,チームラボ プラネッツ,チームラボ プラネッツ,teamLab Planets,museum,35.64938,139.789728,0,不明,no,,,,Q97613610,en:TeamLab Planets TOKYO DMM.com,https://planets.teamlab.art/tokyo/
6309003795,node,Tokyo,Cherry Blossom Viewing,,,Cherry Blossom Viewing,attraction,35.6338144,139.7105706,0,不明,,,,,,,
6309003796,node,Tokyo,Cherry Blossom Viewing,,,Cherry Blossom Viewing,attraction,35.6922741,139.7474966,0,不明,,,,,,,
6319618885,node,Tokyo,Tokyo International Forum,,,Tokyo International Forum,attraction,35.676686,139.7644506,0,不明,,,,,,,
6320388253,node,Tokyo,川崎市制記念多摩川花火大会,川崎市制記念多摩川花火大会,,,attraction,35.6049084,139.6307411,0,不明,,,,,,,
6334952048,node,Tokyo,富士見台,富士見台,富士見台,Fujimi-dai,viewpoint,35.6083354,139.6321512,0,不明,,,,,,,
6336545985,node,Tokyo,Boutique de baguettes artisanales,Boutique de baguettes artisanales,,,attraction,35.7173548,139.814323,0,不明,,,,,,,
6340053385,node,Tokyo,Harajuku Station,Harajuku Station,,,attraction,35.6709419,139.7023936,0,不明,,,,,,,
6342605089,node,Tokyo,仙台堀川公園 西端,仙台堀川公園 西端,,Sendaiborigawa Park West End,attraction,35.6761439,139.8124737,0,不明,,,,,,,
6345031987,node,Tokyo,Cat cafe Nyankoto,Cat cafe Nyankoto,,,attraction,35.7128009,139.7065242,0,不明,,,,,,,
6346639685,node,Tokyo,Ginza Crossing,Ginza Crossing,,,attraction,35.6712197,139.7650359,0,不明,,,,,,,
6346685086,node,Tokyo,Silk Road cosmetic Ueno,Silk Road cosmetic Ueno,,,attraction,35.7081654,139.7746873,0,不明,,,,,,,
6348359889,node,Tokyo,おろちの松,おろちの松,,,viewpoint,35.6386609,139.7174839,0,不明,,,,,,,
6350139786,node,Tokyo,Kitchen Street,Kitchen Street,,,attraction,35.6827329,139.7687319,0,不明,,,,,,,
6351835586,node,Tokyo,勝鬨橋,勝鬨橋,,Kachidoki Bridge,attraction,35.662745,139.7744236,0,不明,,,,,,,
6352638585,node,Tokyo,Sunamachi Ginza Shopping Street,Sunamachi Ginza Shopping Street,,,attraction,35.679295,139.8277181,0,不明,,,,,,,
6358083142,node,Tokyo,ひらい圓藏亭,ひらい圓藏亭,,,museum,35.7030845,139.8439333,0,不明,,,,,,,https://www.city.edogawa.tokyo.jp/e026/sports/bunka/bunka/hirai_enzotei.html
6380694945,node,Tokyo,都電6080号,都電6080号,,Toden 6080,attraction,35.7503675,139.7387432,0,不明,,,,,,,https://www.asukayama.jp/stroll/st-25.html
6380696689,node,Tokyo,蒸気機関車D51 853,蒸気機関車D51 853,,Steam Locomotive D51 853,attraction,35.7501111,139.7388469,0,不明,,,,,,,https://www.asukayama.jp/stroll/st-26.html
6393856485,node,Tokyo,Sakura viewpoint,,,Sakura viewpoint,viewpoint,35.690771,139.7474966,0,不明,,,,,,,
6424427125,node,Tokyo,たもん,たもん,,,gallery,35.7035531,139.617892,0,不明,,,,,,,
6428180064,node,Tokyo,Sprout Curation,Sprout Curation,,,gallery,35.7062938,139.7376555,0,不明,,,,,,,
6428180079,node,Tokyo,Maki Fine Art,Maki Fine Art,,,gallery,35.7062715,139.737649,40,部分対応,yes,,,,,,
6440157288,node,Tokyo,Ozu Washi,,,Ozu Washi,museum,35.6888018,139.7763151,0,不明,,,,,,,
6477665285,node,Tokyo,乙女ロード,,乙女ロード,Otome Road,attraction,35.7307084,139.7183194,0,不明,,,,,,,
6482405758,node,Tokyo,PIGMENT,PIGMENT,,,attraction,35.6212911,139.7495393,40,部分対応,yes,,,,,,
6490388463,node,Tokyo,つまみかんざし博物館,つまみかんざし博物館,,Tsumami Kanzashi Museum,museum,35.7102725,139.7020407,0,不明,,,,,,,https://kanzashi.org
6512749192,node,Tokyo,Cat cafe Nyankoto,Cat cafe Nyankoto,,,attraction,35.7128238,139.7065338,0,不明,,,,,,,
6534087850,node,Tokyo,豊島区トキワ荘通りお休み処,豊島区トキワ荘通りお休み処,,Toyoshimaku Tokiwasō-dōri oyasumidokoro,museum,35.723334,139.6889303,0,不明,,,,,,,
6589553987,node,Tokyo,サムライミュージアム,サムライミュージアム,,Samurai Museum,museum,35.6955176,139.7035629,0,不明,,,,,Q116917907,,https://samuraimuseum.jp
6618323185,node,Tokyo,奉献葡萄酒樽,奉献葡萄酒樽,,Barrels of French Bourgogne wine,attraction,35.6736541,139.7017042,0,不明,,,,,,,
6618789785,node,Tokyo,Bonsai Trees,,,Bonsai Trees,attraction,35.6383231,139.7290918,0,不明,,,,,,,
6627388142,node,Tokyo,六町ミュージアム・フローラ,六町ミュージアム・フローラ,六町ミュージアム・フローラ,ROKUCHO MUSEUM FLORA,museum,35.7832234,139.8200753,0,不明,,,,,,,
6632188885,node,Tokyo,Place M - Red Photo Gallery,,,Place M - Red Photo Gallery,attraction,35.6877509,139.7126698,0,不明,,,,,,,https://placem.com/
6650880985,node,Tokyo,Bekkō (Turtle Shell Crafts) Museum,,,Bekkō (Turtle Shell Crafts) Museum,museum,35.7006673,139.7956878,0,不明,,,,,,,
6650880986,node,Tokyo,NTT Docomo History Square,,,NTT Docomo History Square,museum,35.6980982,139.7957058,0,不明,,,,,,,
6650881085,node,Tokyo,Japan Stationary Museum,,,Japan Stationary Museum,museum,35.6967717,139.788832,0,不明,,,,,,,
6652840867,node,Tokyo,映画「天気の子」ロケ地,映画「天気の子」ロケ地,,,attraction,35.7363781,139.76244,0,不明,,,,,,,
6774146087,node,Tokyo,フナボリゴルフ,フナボリゴルフ,,,attraction,35.6858388,139.8620153,0,不明,,,,,,,
6815186286,node,Tokyo,Tokyo kart,,,Tokyo kart,attraction,35.7082468,139.7993574,0,不明,,,,,,,
6839317085,node,Tokyo,Tōkyō Station View,,,Tōkyō Station View,viewpoint,35.679769,139.7653003,0,不明,,,,,,,
6854592486,node,Tokyo,Torii Gates,,,Torii Gates,viewpoint,35.7199191,139.7603382,0,不明,,,,,,,
6861499285,node,Tokyo,Harajuku Street,,,Harajuku Street,attraction,35.6710162,139.7079177,0,不明,,,,,,,
6899768285,node,Tokyo,SkyTree sunset viewpoint,,,SkyTree sunset viewpoint,viewpoint,35.7064799,139.8229511,0,不明,,,,,,,
6924530088,node,Tokyo,Izakaya Area,,,Izakaya Area,attraction,35.6974183,139.7854106,0,不明,,,,,,,
6933372285,node,Tokyo,Trainspotting,,,Trainspotting,viewpoint,35.7123748,139.7748368,0,不明,,,,,,,
6952876785,node,Tokyo,渋谷スカイ,Shibuya Sky,渋谷スカイ,Shibuya Sky,viewpoint,35.6582857,139.7022617,40,部分対応,yes,,,,Q116281743,ja:SHIBUYA SKY,https://www.shibuya-scramble-square.com/sky/
6981927885,node,Tokyo,Mullion Musical Clock,,,Mullion Musical Clock,attraction,35.6733202,139.7626088,0,不明,,,,,,,
6982004585,node,Tokyo,rue commerçante,,,rue commerçante,attraction,35.7025022,139.6480076,0,不明,,,,,,,
7005259585,node,Tokyo,白鳩鳩舎,白鳩鳩舎,,Pigeon house,viewpoint,35.6944303,139.7440516,0,不明,,,,,,,
7007531447,node,Tokyo,NHK放送博物館,NHK放送博物館,NHK放送博物館,NHK Museum of Broadcasting,museum,35.6637251,139.7482596,0,不明,,,,,Q11235312,ja:NHK放送博物館,http://www.nhk.or.jp/museum/
7021226324,node,Tokyo,Unko Museum Tokyo,,,Unko Museum Tokyo,museum,35.6254933,139.776392,0,不明,,,,,,,https://unkomuseum.com/tokyo/
7095184393,node,Tokyo,A＊ka. アーカ,A＊ka. アーカ,,,gallery,35.7524428,139.7160352,0,不明,,,,,,,
7095184401,node,Tokyo,en∞juku,en∞juku,,,gallery,35.750354,139.7128394,0,不明,,,,,,,
7106414685,node,Tokyo,VR忍者道場,VR忍者道場,,,attraction,35.6918562,139.7682069,0,不明,,,,,,,
7124678587,node,Tokyo,Mita Arts Gallery,,,Mita Arts Gallery,gallery,35.6961627,139.7583926,0,不明,,,,,,,http://en.mita-arts.com
7125341600,node,Tokyo,日本オリンピックミュージアム,日本オリンピックミュージアム,,JAPAN OLYMPIC MUSEUM,museum,35.6749482,139.7151556,40,部分対応,yes,,,,,,https://japan-olympicmuseum.jp
7132391747,node,Tokyo,蒸気機関車用「汽笛」,蒸気機関車用「汽笛」,,,attraction,35.7030232,139.7741519,0,不明,,,,,,,
7166440685,node,Tokyo,沖縄タウン,沖縄タウン,,,viewpoint,35.6722698,139.6586473,0,不明,,,,,,,
7175752589,node,Tokyo,Ameyoko Market Street,Ameyoko Market Street,,,attraction,35.7114931,139.7747862,0,不明,,,,,,,
7194017524,node,Tokyo,ニコン ミュージアム,ニコン ミュージアム,,NIKON MUSEUM,museum,35.6255169,139.7421159,0,不明,,,,,Q21654020,en:Nikon Museum,
7202136555,node,Tokyo,ラ・ヴィータ 自由が丘,La Vita Jiyūgaoka,ラ・ヴィータ 自由が丘,,attraction,35.6107569,139.6682027,0,不明,,,,,,,
7205534885,node,Tokyo,Himalayan Cedar Tree,,,Himalayan Cedar Tree,viewpoint,35.7214795,139.7674963,0,不明,,,,,,,
7207533585,node,Tokyo,啓太朗,啓太朗,,,attraction,35.7280257,139.7269751,0,不明,,,,,,,
7222544714,node,Tokyo,Gallery 5610,Gallery 5610,,,gallery,35.6632983,139.712233,0,不明,no,,,,,,
7227745661,node,Tokyo,林和美写真画廊,林和美写真画廊,,,gallery,35.6672875,139.7156035,0,不明,,,,,,,
7231031105,node,Tokyo,六本木ミュージアム,六本木ミュージアム,六本木ミュージアム,Roppongi Museum,museum,35.6595759,139.7340144,0,不明,,,,,,,https://roppongimuseum.jp/
7280047327,node,Tokyo,WHAT Museum,WHAT Museum,,,museum,35.6206847,139.7485642,0,不明,,,,,Q38266999,ja:建築倉庫ミュージアム,https://what.warehouseofart.org
7414140691,node,Tokyo,Good street photography,,,Good street photography,viewpoint,35.6911887,139.7685268,0,不明,,,,,,,
7440039166,node,Tokyo,あかね画廊,あかね画廊,,,gallery,35.6724505,139.7644557,0,不明,,,,,,,
7550876296,node,Tokyo,おあな,おあな,,,attraction,35.7122878,139.7488169,0,不明,,,,,,,
7627418373,node,Tokyo,池波正太郎記念文庫,,池波正太郎記念文庫,Ikenami Shōtarō Memorial Museum,museum,35.7174338,139.7896284,0,不明,,,,,,,
7638309260,node,Tokyo,Span Art Gallery,Span Art Gallery,,,gallery,35.6764804,139.7702512,0,不明,,,,,,,
7638821147,node,Tokyo,チーパズギャラリー,チーパズギャラリー,,Cheepa’s Gallery,gallery,35.6680427,139.763525,0,不明,,,,,,,
7638842706,node,Tokyo,歌舞伎座ギャラリー,歌舞伎座ギャラリー,,Kabukiza Gallery,museum,35.669669,139.7679383,0,不明,,,,,,,
7652598277,node,Tokyo,D51,D51,,,attraction,35.7839129,139.6813075,0,不明,,,,,,,
7652613188,node,Tokyo,ベビーロコ号,ベビーロコ号,,,attraction,35.7837913,139.6816431,0,不明,,,,,,,
7656534189,node,Tokyo,すみだ郷土文化資料館,すみだ郷土文化資料館,すみだ郷土文化資料館,Sumida Heritage Museum,museum,35.7139394,139.8059214,0,不明,,,,,Q104698259,,
7656892588,node,Tokyo,屏風博物館,屏風博物館,屏風博物館,Museum of Byōbu,museum,35.7104473,139.8077044,0,不明,,,,,,,
7657655687,node,Tokyo,小川と湿地,小川と湿地,,,viewpoint,35.6399269,139.7189471,0,不明,,,,,,,
7744288771,node,Tokyo,スモールワールズTOKYO,Small Worlds Tokyo,スモールワールズTOKYO,Small Worlds Tokyo,attraction,35.6378302,139.78825,0,不明,,,,,Q30926669,ja:スモールワールズ,https://www.smallworlds.jp/
7972571994,node,Tokyo,コナラ林,コナラ林,,,viewpoint,35.6377743,139.7178077,0,不明,,,,,,,
7972637473,node,Tokyo,もみじの新緑・紅葉,もみじの新緑・紅葉,,,viewpoint,35.6382397,139.7195835,0,不明,,,,,,,
8078192912,node,Tokyo,D51,D51,,,attraction,35.6885394,139.6313805,0,不明,,,,,,,
8202733853,node,Tokyo,Parque,Parque,,,gallery,35.6133515,139.6999856,0,不明,,,,,,,
8213940657,node,Tokyo,トキワ荘マンガミュージアム,トキワ荘マンガミュージアム,,Toshima City Tokiwaso Manga Museum,museum,35.724274,139.6860426,0,不明,,,,,Q96707302,ja:トキワ荘マンガミュージアム,https://tokiwasomm.jp/
8345005717,node,Tokyo,Tokyo Midtown Ice Rink,,,Tokyo Midtown Ice Rink,attraction,35.6672104,139.7315644,0,不明,,,,,,,
8443781417,node,Tokyo,東京ディズニーリゾートモニュメント,東京ディズニーリゾートモニュメント,,Tokyo Disneyland Resort Monument,attraction,35.6383296,139.8769052,0,不明,,,,,,,
8491447527,node,Tokyo,K's Green Gallery,K's Green Gallery,,,gallery,35.7220412,139.770577,0,不明,,,,,,,
8512400318,node,Tokyo,道のギャラリー,道のギャラリー,,,gallery,35.710125,139.7382288,0,不明,,,,,,,
8513058923,node,Tokyo,コボちゃん増,コボちゃん増,,,viewpoint,35.7029714,139.7367749,0,不明,,,,,,,
8540191217,node,Tokyo,醤油会館,醤油会館,,Soy Sauce Centre (Shoyu Kaikan),museum,35.6811866,139.7827066,0,不明,,,,,,,https://www.soysauce.or.jp/
8691137817,node,Tokyo,谷中銀座,谷中銀座,,Yanaka Ginza,attraction,35.727657,139.7669682,0,不明,,,,,,,https://www.yanakaginza.com
8828795450,node,Tokyo,オトメイトスクエア,オトメイトスクエア,オトメイトスクエア,Otomate Square,attraction,35.7291861,139.715647,0,不明,,,,,,,
8995417645,node,Tokyo,万世橋駅 跡地,万世橋駅 跡地,,,attraction,35.6975133,139.7695765,40,部分対応,yes,,,,,,
9045392917,node,Tokyo,Oyokogawa Shinsui Park (Long Slide),,,Oyokogawa Shinsui Park (Long Slide),attraction,35.7092242,139.8078026,0,不明,,,,,,,
9194884405,node,Tokyo,石川島資料館,石川島資料館,,Ishikawajima Museum,museum,35.6699086,139.7843231,0,不明,,,,,,,
9210529918,node,Tokyo,セイコーミュージアム,セイコーミュージアム,セイコーミュージアム,Seiko Museum,museum,35.6723712,139.7644242,0,不明,,,,,,,https://museum.seiko.co.jp
9212287019,node,Tokyo,Re-present,Re-present,,,gallery,35.6963683,139.7779007,0,不明,,,,,,,
9220490352,node,Tokyo,遊楽園,遊楽園,,,zoo,35.7400664,139.8576051,0,不明,,,,,,,
9223580418,node,Tokyo,クロネコヤマトミュージアム,クロネコヤマトミュージアム,,,museum,35.6266805,139.7452481,0,不明,,,,,,,
9234146642,node,Tokyo,San Francisco Fillmore Wolfgang's Vault Art Museum,San Francisco Fillmore Wolfgang's Vault Art Museum,,,museum,35.6974008,139.7772749,0,不明,,,,,,,
9239228231,node,Tokyo,冒険の丘,冒険の丘,,,attraction,35.7928097,139.7722469,0,不明,,,,,,,
9311649428,node,Tokyo,カフェプラたく,カフェプラたく,カフェプラたく,Cafe Plataku,attraction,35.7493879,139.8689973,0,不明,,,,Plarail Cafe,,,
9893255120,node,Tokyo,マンボー漫画喫茶,マンボー漫画喫茶,,,attraction,35.6915374,139.7701624,40,部分対応,yes,,,,,,
9893255121,node,Tokyo,マンボー漫画喫茶 出口(西口),マンボー漫画喫茶 出口(西口),,,attraction,35.6915961,139.7701879,0,不明,,,,,,,
10049569324,node,Tokyo,恵比寿堂ギャラリー,,恵比寿堂ギャラリー,Ebisu-dō Gallery,gallery,35.6957884,139.7584412,0,不明,,,,,,,http://ebisu-do.com
10049785445,node,Tokyo,Komiyama Tokyo G,,,Komiyama Tokyo G,gallery,35.6966451,139.7614764,0,不明,,,,,,,https://www.komiyamatokyo-g.com
10099374041,node,Tokyo,江戸川乱歩大衆文化研究センター,,江戸川乱歩大衆文化研究センター,Edogawa Rampo Memorial Center for Popular Culture Studies,museum,35.7319059,139.7028814,0,不明,,,,,,,https://www.rikkyo.ac.jp/research/institute/rampo/
10120837519,node,Tokyo,Japanese garden,Japanese garden,,,attraction,35.6035215,139.6455693,0,不明,,,,,,,
10138269866,node,Tokyo,大怪店,,大怪店,,gallery,35.7034619,139.6475603,0,不明,,,,,,,https://otonoke-enoke.jimdo.com
10153349450,node,Tokyo,スペースパウゼ,スペースパウゼ,,,gallery,35.6981014,139.7404409,0,不明,,,,,,,
10159518556,node,Tokyo,蒸気機関車 E18 連隊,,蒸気機関車 E18 連隊,Rentai E18 type locomotive,attraction,35.734135,139.6717514,0,不明,,,,,,,
10163996662,node,Tokyo,勝どき・豊海歴史資料展示館,,勝どき・豊海歴史資料展示館,Kachidoki-Toyomi Historical Archive Museum,museum,35.6590674,139.776216,0,不明,,,,,,,
10271111779,node,Tokyo,アートアクアリウム美術館 GINZA,Art Aquarium Museum GINZA,アートアクアリウム美術館 GINZA,Art Aquarium Museum GINZA,museum,35.67138,139.7657079,40,部分対応,yes,,,,Q116921556,ja:アートアクアリウム,
10288326509,node,Tokyo,Galaxy Shop,,,Galaxy Shop,attraction,35.6697365,139.706195,0,不明,,,,,,,
10289191196,node,Tokyo,楽天ミュージアム,楽天ミュージアム,,,museum,35.6106251,139.6302277,40,部分対応,yes,,,,,,
10289966935,node,Tokyo,東京アニメセンター,Tokyo Anime Center,東京アニメセンター,,museum,35.6613939,139.7005702,40,部分対応,yes,,,Last admission is at 7:30 p.m.,Q6128676,ja:東京アニメセンター,
10314092606,node,Tokyo,Brass,Brass,,,gallery,35.7155097,139.8006492,0,不明,,,,,,,
10538350869,node,Tokyo,トライアンフギャラリー,トライアンフギャラリー,,,gallery,35.6814698,139.771564,40,部分対応,yes,,,,,,
10592573005,node,Tokyo,V88 Building,,,V88 Building,attraction,35.6734124,139.7664041,0,不明,,,,,Q128687191,,
10680734505,node,Tokyo,葛西臨海水族園,葛西臨海水族園,,Tōkyō Sea Life Park,attraction,35.6400593,139.8621905,0,不明,,,,,,,http://htyps://tokyo-zoo.net/zoo/kasai
10684537405,node,Tokyo,reload roof terrace,,,reload roof terrace,viewpoint,35.6631126,139.6696564,0,不明,,,,,,,
10692944607,node,Tokyo,タイトーステーション,タイトーステーション,タイトーステーション,Taito Station,attraction,35.708804,139.774138,0,不明,,,,,,,
10707533007,node,Tokyo,大原部長 マンホール,,大原部長 マンホール,Ōhara buchō manhole cover,attraction,35.7641083,139.8487852,0,不明,,,,,,,
10707533027,node,Tokyo,本田巡査 マンホール,,本田巡査 マンホール,Honda junsa manhole cover,attraction,35.7671754,139.8477053,0,不明,,,,,,,
10707546342,node,Tokyo,麻里愛巡査 マンホール,,麻里愛巡査 マンホール,Asatoai junsa manhole cover,attraction,35.7674627,139.8454013,0,不明,,,,,,,
10707615681,node,Tokyo,Kankichi Ryōtsu manhole cover,,,Kankichi Ryōtsu manhole cover,attraction,35.7676246,139.8488362,0,不明,,,,,,,
10707618747,node,Tokyo,中川圭一 マンホール,,中川圭一 マンホール,Nakagawa Keiichi manhole cover,attraction,35.7669956,139.8483722,0,不明,,,,,,,
10707622819,node,Tokyo,麗子 マンホール,,麗子 マンホール,Reiko manhole cover,attraction,35.7659552,139.8475191,0,不明,,,,,,,
10722962257,node,Tokyo,KYOBASHI ART ROOM,KYOBASHI ART ROOM,,,gallery,35.6779114,139.7720681,0,不明,,,,,,,"https://www.google.com/maps/place/KYOBASHI+ART+ROOM/@35.6779249,139.7720869,17z/data=!3m1!4b1!4m6!3m5!1s0x60188b10a4341911:0x3412538c09d8f72f!8m2!3d35.6779249!4d139.7720869!16s%2Fg%2F11sydf7q08"
10731765319,node,Tokyo,武蔵野音楽大学楽器ミュージアム,武蔵野音楽大学楽器ミュージアム,,Mussshino Academia Musicae Musical Instrument Museum,museum,35.7410417,139.6722228,0,不明,,,,,,,https://www.musashino-music.ac.jp/guide/facilities/museum
10759334276,node,Tokyo,容器文化ミュージアム,,容器文化ミュージアム,Museum of Package Culture,museum,35.6241292,139.7294909,0,不明,,,,,,,
10768189905,node,Tokyo,須賀神社 女坂,,須賀神社 女坂,Suga Shrine Onnazaka,attraction,35.6853632,139.7229993,0,不明,,,,The stairs with red hand rails made famous in the movie Your Name.,,,
10794940806,node,Tokyo,Mikado Game Center,,,Mikado Game Center,attraction,35.7127292,139.7034384,0,不明,,,,,Q28690678,ja:ミカド (ゲームセンター),
10794948205,node,Tokyo,ナツゲーミュージアム,ナツゲーミュージアム,,Natsuge Museum,attraction,35.7137052,139.7035995,0,不明,,,,,,,http://www.t-tax.net/natuge/
10799656705,node,Tokyo,RETRO:G Retro Games (GiGO 6F),,,RETRO:G Retro Games (GiGO 6F),attraction,35.6992152,139.7709513,0,不明,,,,,,,https://tempo.gendagigo.jp/retrog/
10806528645,node,Tokyo,日本浮世絵博物館　東京,日本浮世絵博物館　東京,,,museum,35.7117112,139.7946169,0,不明,,,,,,,
10816244605,node,Tokyo,Cat Street,,,Cat Street,attraction,35.666977,139.7063131,0,不明,,,,,Q11511093,,
10816259205,node,Tokyo,Cat Street,,,Cat Street,attraction,35.6723225,139.7098527,0,不明,,,,,,,
10849593505,node,Tokyo,クロス新宿ビジョン,クロス新宿ビジョン,,3D billboard (Shinjuku Cat),attraction,35.6926285,139.7008032,0,不明,,,,新宿東口の猫,Q109702546,ja:クロス新宿ビジョン,https://shinjuku.xspace.tokyo
10875818018,node,Tokyo,食とくらしの小さな博物館,食とくらしの小さな博物館,,,museum,35.6329122,139.7328839,0,不明,,,,,,,
10933634354,node,Tokyo,早稲田スポーツミュージアム,早稲田スポーツミュージアム,,,museum,35.7061879,139.7169783,0,不明,,,,,,,
11057979160,node,Tokyo,Otho Gallery,Otho Gallery,,,gallery,35.6893819,139.7777146,0,不明,,,,,,,
11062761596,node,Tokyo,続日本100名城スタンプ124・品川台場,続日本100名城スタンプ124・品川台場,,,attraction,35.6299889,139.7754534,0,不明,,,,,,,
11216987537,node,Tokyo,Tokyo mystery circus,,,Tokyo mystery circus,attraction,35.6953961,139.7007081,0,不明,,,,,,,https://mysterycircus.jp/
11234854570,node,Tokyo,鈴画廊,鈴画廊,,,gallery,35.6737572,139.7687736,0,不明,,,,,,,
11234854575,node,Tokyo,ホワイトギャラリー東京,ホワイトギャラリー東京,ホワイトギャラリー東京,White Gallery Tokyo,gallery,35.6735542,139.7695593,0,不明,no,,,,,,
11234854582,node,Tokyo,アートギャラリー 石,アートギャラリー 石,,,gallery,35.6737203,139.7688399,0,不明,,,,,,,
11234854595,node,Tokyo,NEW ART LAB,NEW ART LAB,,,gallery,35.6739346,139.770143,20,未対応,limited,,,,,,
11234854596,node,Tokyo,銀座ワン,銀座ワン,,,gallery,35.6736886,139.768818,0,不明,,,,,,,
11262093573,node,Tokyo,在日韓人歴史資料館,The History Museum of J-Koreans,在日韓人歴史資料館,,museum,35.6514755,139.737046,0,不明,,,,,Q122929555,,http://www.j-koreans.org/
11279681706,node,Tokyo,"Akihabara (Manga, Anime, Electronics, Freaks, etc.)","Akihabara (Manga, Anime, Electronics, Freaks, etc.)",,,attraction,35.7005422,139.7716248,0,不明,,,,Also check the minor roads west of here!,,,
11283901470,node,Tokyo,Ultraman & Ultraseven manhole covers,,,Ultraman & Ultraseven manhole covers,attraction,35.6429171,139.6087706,0,不明,,,,,,,
11288138836,node,Tokyo,Great view above Tokyo (on the 26th floor),Great view above Tokyo (on the 26th floor),,,viewpoint,35.6435601,139.6690283,0,不明,,,,At least the southern and western part of it.,,,
11330579425,node,Tokyo,Hellogallerytokyo,Hellogallerytokyo,,,gallery,35.6829541,139.6909055,0,不明,,,,,,,
11334772769,node,Tokyo,静嘉堂文庫美術館,静嘉堂美術館,静嘉堂文庫美術館,Seikado bunko art museum,museum,35.6787799,139.7614042,20,未対応,limited,,,,,,https://www.seikado.or.jp/
11374673023,node,Tokyo,月見台,月見台,,,viewpoint,35.6467028,139.7911924,0,不明,,,,,,,
11503128602,node,Tokyo,SAMURAI NINJA MUSEUM TOKYO With Experience,SAMURAI NINJA MUSEUM TOKYO With Experience,,,museum,35.711573,139.7917829,0,不明,,,,,,,
11512273700,node,Tokyo,teamLab Borderless Museum,teamLab Borderless Museum,,teamLab Borderless,museum,35.6616023,139.7412674,40,部分対応,yes,,,,,,https://www.teamlab.art/e/tokyo/
11513601556,node,Tokyo,HANASAKA STAND,HANASAKA STAND,,,museum,35.6798127,139.7694768,40,部分対応,yes,,,,,,https://www.yanmar.com/jp/about/hanasaka/#hanasaka-stand
11563440614,node,Tokyo,TOTOギャラリー・間,TOTOギャラリー・間,,TOTO GALLERY · MA,museum,35.6675053,139.7268378,0,不明,,,,,Q55526821,ja:TOTOギャラリー・間,
11663522219,node,Tokyo,郵政博物館,郵政博物館,,Postal Museum Japan,museum,35.7100908,139.8126581,0,不明,,,,,Q17225229,ja:郵政博物館 (日本),
11669259008,node,Tokyo,球体展望室,球体展望室,,,viewpoint,35.6270652,139.7745922,0,不明,,,,,,,
11727641387,node,Tokyo,北とぴあ,北とぴあ,,Hokutopia,viewpoint,35.7548512,139.7366726,0,不明,,,,,,,
11736273728,node,Tokyo,港区立みなと科学館,港区立みなと科学館,,Minato Science Museum,museum,35.6655838,139.7460106,0,不明,,,,,,,
11801372169,node,Tokyo,KOIZUMI YAKUMO PARK LAFKADIO HEARN,,,KOIZUMI YAKUMO PARK LAFKADIO HEARN,attraction,35.6996534,139.7049386,0,不明,,,,,,,
11890802484,node,Tokyo,Multiple train tracks view,,,Multiple train tracks view,viewpoint,35.6997471,139.7656317,0,不明,,,,,,,
11894544550,node,Tokyo,フローズンキングダム,フローズンキングダム,フローズンキングダム,Frozen Kingdom,theme_park,35.6292931,139.8776533,0,不明,,,,,Q65044325,en:World of Frozen,
11894544551,node,Tokyo,ラプンツェルの森,ラプンツェルの森,ラプンツェルの森,Rapunzel's Forest,theme_park,35.6289779,139.8789533,0,不明,,,,,Q65046459,ja:ファンタジースプリングス,
11894544552,node,Tokyo,ピーターパンのネバーランド,ピーターパンのネバーランド,ピーターパンのネバーランド,Peter Pan's Neverland,theme_park,35.6284335,139.8784632,0,不明,,,,,Q65046459,ja:ファンタジースプリングス,
11972216838,node,Tokyo,New York,New York,,,attraction,35.6243053,139.8871764,0,不明,,,,,,,
11991698170,node,Tokyo,Suica ペンギンの広場,Suica ペンギンの広場,,,attraction,35.68812,139.7009331,0,不明,,,,,,,
11993719386,node,Tokyo,井上円了記念博物館,井上円了記念博物館,,,museum,35.7236434,139.7498152,0,不明,,,,,Q11527629,ja:東洋大学井上円了記念博物館,
12020430878,node,Tokyo,ワールプール,ワールプール,ワールプール,The Whirlpool,attraction,35.6266769,139.8832942,0,不明,,,,,,,
12022612270,node,Tokyo,ミニーのスタイルスタジオ,ミニーのスタイルスタジオ,ミニーのスタイルスタジオ,Minnie's Style Studio,attraction,35.6307263,139.8794121,0,不明,,,,,,,
12022911635,node,Tokyo,Town Area,Town Area,,,attraction,35.6350441,139.8846864,0,不明,,,,,,,
12022911636,node,Tokyo,Cineme Area,Cineme Area,,,attraction,35.6338686,139.8867953,0,不明,,,,,,,
12025350524,node,Tokyo,インディアン居住地,インディアン居住地,,,attraction,35.6318137,139.8852437,0,不明,,,,,,,
12037599769,node,Tokyo,インディ・ジョーンズ・アドベンチャークリスタルスカルの魔宮,インディ・ジョーンズ・アドベンチャークリスタルスカルの魔宮,インディ・ジョーンズ・アドベンチャークリスタルスカルの魔宮,Indiana Jones Adventure: Temple of the Crystal Skull,attraction,35.6267129,139.8806129,0,不明,,,,,Q3150108,ja:インディ・ジョーンズ・アドベンチャー,
12052335568,node,Tokyo,Palazzo Canals,Palazzo Canals,,Palazzo Canals,theme_park,35.6261289,139.8878084,0,不明,,,,,,,
12052377070,node,Tokyo,トイビル・トロリーパーク,トイビル・トロリーパーク,トイビル・トロリーパーク,Toyville Trolley Park,theme_park,35.6247969,139.8886712,0,不明,,,,,,,
12058560112,node,Tokyo,ピーターパンのネバーランドアドベンチャー,ピーターパンのネバーランドアドベンチャー,ピーターパンのネバーランドアドベンチャー,Peter Pan’s Never Land Adventure,attraction,35.6277477,139.8789899,0,不明,,,,,Q6600319,ja:東京ディズニーシーのアトラクションの一覧,
12058560113,node,Tokyo,ビッグサンダー・マウンテン,ビッグサンダー・マウンテン,ビッグサンダー・マウンテン,Big Thunder Mountain,attraction,35.6326199,139.8834647,0,不明,,,,,Q859406,ja:ビッグサンダー・マウンテン,
12059958249,node,Tokyo,GINZA SIX ガーデン,GINZA SIX ガーデン,,Ginza Six Garden,viewpoint,35.6697382,139.7637749,40,部分対応,yes,,,,,,
12066406996,node,Tokyo,Arendelle Village,Arendelle Village,,,attraction,35.6289689,139.8776258,0,不明,,,,,,,
12066406997,node,Tokyo,Courtyard,Courtyard,,Courtyard,attraction,35.6295448,139.877973,0,不明,,,,,,,
12066406998,node,Tokyo,Stauben Village,Stauben Village,,Stauben Village,attraction,35.6297545,139.877778,0,不明,,,,,,,
12067181245,node,Tokyo,Sunshine observatory,Sunshine observatory,,,viewpoint,35.7296483,139.717942,0,不明,,,,,,,
12069723032,node,Tokyo,スカットルのスクーター,スカットルのスクーター,スカットルのスクーター,Scuttle's Scooters,attraction,35.6272751,139.8832108,0,不明,,,,,,,
12071983656,node,Tokyo,ケープコッド,ケープコッド,ケープコッド,,attraction,35.6239598,139.8849948,0,不明,,,,,,,
12072953869,node,Tokyo,"フォートレス・エクスプロレーション""ザ・レオナルドチャレンジ""","フォートレス・エクスプロレーション""ザ・レオナルドチャレンジ""",,,attraction,35.6257649,139.8854891,0,不明,,,,,,,
12074662873,node,Tokyo,空飛ぶダンボ,空飛ぶダンボ,空飛ぶダンボ,Dumbo the Flying Elephant,attraction,35.6314631,139.8816938,0,不明,,,,,Q964565,ja:空飛ぶダンボ,
12074896868,node,Tokyo,ベイマックスのハッピーライド,ベイマックスのハッピーライド,ベイマックスのハッピーライド,The Happy Ride with Baymax,attraction,35.6317007,139.8788382,0,不明,,,,,Q85873622,ja:ベイマックスのハッピーライド,
12075259728,node,Tokyo,トムソーヤのツリーハウス,トムソーヤのツリーハウス,トムソーヤのツリーハウス,Tom Sawyer's Treehouse,attraction,35.6313841,139.8836371,0,不明,,,,,,,
12075259729,node,Tokyo,サムクレメンズ砦,サムクレメンズ砦,サムクレメンズ砦,,attraction,35.631635,139.884755,0,不明,,,,,,,
12085101795,node,Tokyo,しょうけい館,しょうけい館,,,museum,35.6970758,139.7510805,0,不明,,,,,,ja:しょうけい館,https://www.shokeikan.go.jp/
12085123069,node,Tokyo,イタリア街,イタリア街,,,attraction,35.661134,139.7576313,0,不明,,,,,,,https://www.sio-site.or.jp/facility/facility.html#sec3_03
12091087402,node,Tokyo,タワー・オブ・テラー,タワー・オブ・テラー,タワー・オブ・テラー,Tower of Terror,attraction,35.6241493,139.8881379,0,不明,,,,,Q28530645,ja:タワー・オブ・テラー (TDS),
12091087409,node,Tokyo,ホレイショースクエア,ホレイショースクエア,,,attraction,35.6239787,139.8871563,0,不明,,,,,,,
12095462898,node,Tokyo,夜の騎士バス,夜の騎士バス,夜の騎士バス,Kight Bus,attraction,35.7461984,139.6447054,0,不明,,,,,,,
12118392722,node,Tokyo,Your Name (Kimi no na wa.) Stairs,Your Name (Kimi no na wa.) Stairs,,,attraction,35.6850727,139.7233388,0,不明,,,,,,,
12135402384,node,Tokyo,Explorers' Landing,Explorers' Landing,,,attraction,35.6259615,139.8855779,0,不明,,,,,,,
12142268455,node,Tokyo,Pixie Hollow,Pixie Hollow,,,attraction,35.6286032,139.8781336,0,不明,,,,,,,
12143426345,node,Tokyo,アレンデール城,アレンデール城,アレンデール城,Arendelle Castle,attraction,35.6296004,139.8783288,0,不明,,,,,,,
12151295691,node,Tokyo,丸の内ハウス,丸の内ハウス,,Marunouchi House,viewpoint,35.6824495,139.7646788,40,部分対応,yes,,,,,,
12172355249,node,Tokyo,Above the Sea,Above the Sea,,,attraction,35.6273057,139.8827238,0,不明,,,,,,,
12172355250,node,Tokyo,Under the Sea,Under the Sea,,,attraction,35.626847,139.8826053,0,不明,,,,,,,
12172375272,node,Tokyo,エントリープラザ,エントリープラザ,,,attraction,35.6354137,139.884044,0,不明,,,,,,,
12175719530,node,Tokyo,ベルモントパークギャラリー,ベルモントパークギャラリー,,,gallery,35.7748165,139.7993024,0,不明,,,,,,,
12192494042,node,Tokyo,ギャラリー・ルデコ,ギャラリー・ルデコ,,LE DECO,gallery,35.6561567,139.7052119,0,不明,,,,,,,
12199965389,node,Tokyo,ギャラリー上田 / Gallery Ueda,ギャラリー上田 / Gallery Ueda,,,gallery,35.6686511,139.7618558,0,不明,,,,,,,https://www.gallery-ueda.com/
12208862374,node,Tokyo,東京交通会館コリーヌ,東京交通会館コリーヌ,,Tokyo Kotsu Kaikan Coline,viewpoint,35.674874,139.7639371,40,部分対応,yes,,,,,,
12240857702,node,Tokyo,アトリエFeng,アトリエFeng,,,gallery,35.6961595,139.7688856,0,不明,,,,,,,
12256654891,node,Tokyo,Uni Art Gallery,Uni Art Gallery,,,gallery,35.6894768,139.7724191,0,不明,,,,,,,
12258472681,node,Tokyo,Porto Paradiso,Porto Paradiso,,,attraction,35.6266944,139.8876255,0,不明,,,,,,,
12290658288,node,Tokyo,豊海おさかなミュージアム,,豊海おさかなミュージアム,Toyomi Fish Museum,museum,35.653554,139.7697666,0,不明,,,,,,,https://museum.suisan-shinkou.or.jp
12308555809,node,Tokyo,伊場仙浮世絵ミュージアム,伊場仙浮世絵ミュージアム,,Ibasen Ukiyo-e Museum,museum,35.6874311,139.7772859,0,不明,,,,,,,
12310239531,node,Tokyo,宮野古民家自然園,,宮野古民家自然園,Miyano Old House Natural Garden,attraction,35.6135298,139.6932263,0,不明,,,,,,,
12312979259,node,Tokyo,かせいチャンモニュメント,Kasei-chan Monument,かせいチャンモニュメント,,attraction,35.7222125,139.6444237,0,不明,,,,,,,
12318738602,node,Tokyo,コニカミノルタ プラネタリア,コニカミノルタ プラネタリア,,,attraction,35.6735636,139.7624539,40,部分対応,yes,,,,,,https://planetarium.konicaminolta.jp/planetariatokyo/
12374741051,node,Tokyo,千葉工業大学 東京スカイツリータウン,,千葉工業大学 東京スカイツリータウン,"Tokyo Skytree Town Campus, Chiba Institute of Technology",museum,35.7100733,139.8127731,0,不明,,,,,,,https://cit-skytree.jp
12385810200,node,Tokyo,白雪姫と七人のこびと,白雪姫と七人のこびと,白雪姫と七人のこびと,Snow White's Adventures,attraction,35.631912,139.8814219,0,不明,,,,,Q3487196,ja:白雪姫と七人のこびと,
12397066730,node,Tokyo,ギャラリー絵夢,ギャラリー絵夢,,,gallery,35.7362403,139.7460289,0,不明,,,,,,,
12417634001,node,Tokyo,Crossing View & Rooftop Lounge MAG8,Crossing View & Rooftop Lounge MAG8,,,viewpoint,35.6596594,139.7008409,0,不明,,,,Magnet mall's park rooftop Shibuya Crossing observation deck; charges for access,,,https://magnetbyshibuya109.jp/shop/shibuya-mag8
12434584778,node,Tokyo,木組み博物館,木組み博物館,,Kigumi museum,museum,35.7078873,139.7174102,0,不明,,,,,,,https://www.kigumi.tokyo/
12468167145,node,Tokyo,白雪姫の願いの井戸,白雪姫の願いの井戸,白雪姫の願いの井戸,,attraction,35.6322752,139.8814017,0,不明,,,,,,,
12554183486,node,Tokyo,荒川ふるさと文化館,荒川ふるさと文化館,,,museum,35.7373225,139.7953277,0,不明,,,,,,,
12598554603,node,Tokyo,Street Kart Tokyo Bay,Street Kart Tokyo Bay,,,attraction,35.638189,139.8244199,0,不明,,,,,,,https://streetkart.com/
12606699905,node,Tokyo,Tokyo Station & Cat face Viewpoint 6F,Tokyo Station & Cat face Viewpoint 6F,,,viewpoint,35.6800689,139.7650998,0,不明,,,,,,,
12606700203,node,Tokyo,Tokyo Station train tracks Viewpoint 6F,Tokyo Station train tracks Viewpoint 6F,,,viewpoint,35.6794006,139.7654879,0,不明,,,,,,,
12606700702,node,Tokyo,Cat face facade,Cat face facade,,,attraction,35.6828884,139.765645,0,不明,,,,,,,
12625778801,node,Tokyo,Tokyo International Cruise Terminal,,,Tokyo International Cruise Terminal,attraction,35.6175829,139.7711012,0,不明,,,,,,,https://www.tptc.co.jp/
12630065206,node,Tokyo,近藤勇終焉の地,近藤勇終焉,近藤勇終焉の地,KONDO Isami's demise site,attraction,35.7457716,139.7216638,0,不明,,,,,,,
12747570390,node,Tokyo,お花見,お花見,,Cherry Blossom Viewing,attraction,35.7104488,139.7292078,0,不明,,,,,,,
12767832234,node,Tokyo,Creative Museum Tokyo,Creative Museum Tokyo,,,museum,35.6781695,139.7716493,0,不明,,,,,,,https://www.creative-museum.tokyo/
12843360101,node,Tokyo,Thousand Toriis,Thousand Toriis,,,attraction,35.6750149,139.7390775,0,不明,,,,,,,
12850213779,node,Tokyo,KIMONO RENTAL TOKYO MAIKOYA Asakusa,KIMONO RENTAL TOKYO MAIKOYA Asakusa,,,attraction,35.7119207,139.7925502,0,不明,,,,,,,
12850287785,node,Tokyo,KIMONO TEA CEREMONY MAIKOYA TOKYO,KIMONO TEA CEREMONY MAIKOYA TOKYO,,,attraction,35.7119393,139.7925193,0,不明,,,,,,,
12850429219,node,Tokyo,Tokyo Cooking Class by MAIKOYA,Tokyo Cooking Class by MAIKOYA,,,attraction,35.7120295,139.7929843,0,不明,,,,,,,
12850486293,node,Tokyo,Samurai Museum Tokyo Ticket Centre,Samurai Museum Tokyo Ticket Centre,,,attraction,35.6854903,139.690713,0,不明,,,,,,,
12850506505,node,Tokyo,Sword Shop & Ninja Experience by Samurai Ninja Museum,Sword Shop & Ninja Experience by Samurai Ninja Museum,,,attraction,35.7120053,139.7929804,0,不明,,,,,,,
12850506506,node,Tokyo,Sword Shop & Ninja Experience by Samurai Ninja Museum,Sword Shop & Ninja Experience by Samurai Ninja Museum,,,attraction,35.7119755,139.7929754,0,不明,,,,,,,
12880383001,node,Tokyo,JOYSOUND カラオケ,JOYSOUND カラオケ,,JOYSOUND Karaoke,attraction,35.6576735,139.6989454,0,不明,,,,,,,
12882801890,node,Tokyo,植村冒険館,植村冒険館,,,museum,35.7537194,139.7155748,0,不明,,,,,,,https://www.uemura-museum-tokyo.jp/
12912462815,node,Tokyo,Spring Valley,Spring Valley,,,attraction,35.6285423,139.8779231,0,不明,,,,,,,
12912462816,node,Tokyo,Autumn Harvest,Autumn Harvest,,,attraction,35.6285451,139.87767,0,不明,,,,,,,
12912462817,node,Tokyo,Summer Glade,Summer Glade,,,attraction,35.6283737,139.8776737,0,不明,,,,,,,
12912462818,node,Tokyo,Winter Woods,Winter Woods,,,attraction,35.6286919,139.8778571,0,不明,,,,,,,
12917513059,node,Tokyo,North Mountain & Elsa's Ice Palace,North Mountain & Elsa's Ice Palace,,,attraction,35.6299032,139.8774187,0,不明,,,,,,,
12920169414,node,Tokyo,法務史料展示室,,法務史料展示室,Ministry of Justice Museum,museum,35.6767579,139.7539879,0,不明,,,,,,,https://www.moj.go.jp/ENGLISH/mojm-01.html
12927296313,node,Tokyo,LOWW,LOWW,,,gallery,35.6092979,139.6847275,0,不明,,,,,,,
12936242731,node,Tokyo,地球史資料館展示室,地球史資料館展示室,,,museum,35.6016597,139.6841788,0,不明,,,,,,,
12969462915,node,Tokyo,Columbus Circle,Columbus Circle,,,attraction,35.625483,139.8871941,0,不明,,,,,,,
12969462916,node,Tokyo,D.S.E.R,D.S.E.R,,,attraction,35.625185,139.8880974,0,不明,,,,,,,
12969462917,node,Tokyo,Atlantic Warehouse,Atlantic Warehouse,,,attraction,35.6248978,139.8873796,0,不明,,,,,,,
12969462918,node,Tokyo,Starland Ballroom,Starland Ballroom,,,attraction,35.6248393,139.8884251,0,不明,,,,,,,
12969462919,node,Tokyo,new york globe telegraph,new york globe telegraph,,,attraction,35.6252596,139.8883143,0,不明,,,,,,,
12969462920,node,Tokyo,Rachmaninov Building,Rachmaninov Building,,,attraction,35.6254694,139.8878169,0,不明,,,,,,,
12969563273,node,Tokyo,ファンタスティック・フライト・ミュージアム,ファンタスティック・フライト・ミュージアム,,,attraction,35.6275273,139.885732,0,不明,,,,,,,
12974274272,node,Tokyo,African Veldt,African Veldt,,,attraction,35.6344414,139.8836003,0,不明,,,,,,,
12974274281,node,Tokyo,indian elephant bathing pool,indian elephant bathing pool,,,attraction,35.6339893,139.8828785,0,不明,,,,,,,
12974274290,node,Tokyo,Native Territory,Native Territory,,,attraction,35.6336791,139.8841908,0,不明,,,,,,,
12976084203,node,Tokyo,United States Steamship Co.,United States Steamship Co.,,,attraction,35.6238393,139.8878467,0,不明,,,,,,,
12976084204,node,Tokyo,Lovecraft Bonded Warehouse,Lovecraft Bonded Warehouse,,,attraction,35.6247384,139.8856032,0,不明,,,,,,,
12976084205,node,Tokyo,Cobb’s Blacksmith,Cobb’s Blacksmith,,,attraction,35.6248162,139.8856322,0,不明,,,,,,,
12976084206,node,Tokyo,ヴィレッジ・グリーティングプレイス,ヴィレッジ・グリーティングプレイス,,,attraction,35.6241078,139.8855735,0,不明,,,,,,,
12976084207,node,Tokyo,Algonquin Woolens,Algonquin Woolens,,,attraction,35.6248086,139.8850299,0,不明,,,,,,,
12976084208,node,Tokyo,A.Hester’s Sensible Shoes,A.Hester’s Sensible Shoes,,,attraction,35.6248407,139.88529,0,不明,,,,,,,
12987762488,node,Tokyo,ハックルベリー沼,ハックルベリー沼,,,attraction,35.6312788,139.8835705,0,不明,,,,,,,
12987762489,node,Tokyo,インディアンキャンプ,インディアンキャンプ,,,attraction,35.631789,139.8849883,0,不明,,,,,,,
12987762490,node,Tokyo,ティータートッター岩,ティータートッター岩,,,attraction,35.6314416,139.8839857,0,不明,,,,,,,
12995244485,node,Tokyo,TOKYO TORCH Terrace,TOKYO TORCH Terrace,,,attraction,35.6843176,139.7703261,0,不明,,,,,,,
12995300064,node,Tokyo,shibuya-san tourist information＆art center,shibuya-san tourist information＆art center,,,attraction,35.6575928,139.7004876,0,不明,,,,,,,
13012902080,node,Tokyo,ミヤシタパークノース,MIYASHITA PARK North,ミヤシタパークノース,Miyashita Park North,attraction,35.6628373,139.7018875,0,不明,,,,,,,
13012902081,node,Tokyo,ミヤシタパークサウス,MIYASHITA PARK South,ミヤシタパークサウス,Miyashita Park south,attraction,35.6611547,139.7017118,0,不明,,,,,,,
13064892465,node,Tokyo,C58407,C58407,,,attraction,35.730109,139.7257102,0,不明,,,,,,,
13092764484,node,Tokyo,セーラームーン＆タキシード仮面,,セーラームーン＆タキシード仮面,Sailor Moon & Tuxedo Mask (manhole cover),attraction,35.6554442,139.7368522,0,不明,,,,,,,
13092779368,node,Tokyo,セーラー5戦士（新緑）,,セーラー5戦士（新緑）,Sailor Five Senshi (Spring Green) Manhole cover,attraction,35.6611376,139.7458654,0,不明,,,,,,,
13092794644,node,Tokyo,デザインマンホール「うさぎ&亜美&レイ&まこと&美奈子」,,デザインマンホール「うさぎ&亜美&レイ&まこと&美奈子」,"Sailor Moon Manhole Cover (Usagi, Ami, Rei, Makoto, Minako)",attraction,35.6606219,139.7346684,0,不明,,,,,,,
13092804241,node,Tokyo,セーラー5戦士（檸檬色）,,セーラー5戦士（檸檬色）,5 Sailor Senshi (Lemon Color) Manhole cover,attraction,35.6472589,139.7470185,0,不明,,,,,,,
13092807674,node,Tokyo,セーラー5戦士（青）,,セーラー5戦士（青）,5 Sailor Senshi (blue) [manhole cover],attraction,35.659748,139.7501363,0,不明,,,,,,,
13098468843,node,Tokyo,Le Forum – Hermès,Le Forum – Hermès,,,gallery,35.6719565,139.7633922,0,不明,,,,,,,
13110210626,node,Tokyo,Wholesale Market Observation Windows,,,Wholesale Market Observation Windows,attraction,35.6434896,139.7810331,0,不明,,,,,,,
13110259609,node,Tokyo,時の鐘,時の鐘,,Toki no Kane (Time Bell),attraction,35.6455976,139.7836917,0,不明,,,,,,,
13110758814,node,Tokyo,Tuna Auction Observation Windows,,,Tuna Auction Observation Windows,attraction,35.6427874,139.7825549,0,不明,,,,,,,
13110758815,node,Tokyo,Fresh Fish Auction Observation Windows,,,Fresh Fish Auction Observation Windows,attraction,35.6424016,139.7821217,0,不明,,,,,,,
13146132401,node,Tokyo,teamLab Borderless: MORI Building DIGITAL ART MUSEUM,teamLab Borderless: MORI Building DIGITAL ART MUSEUM,,,museum,35.6620024,139.7434178,0,不明,,,,,,,https://teamlab.art/
13165479601,node,Tokyo,夢の大橋,夢の大橋,,Dream Bridge,viewpoint,35.6287177,139.78439,0,不明,,,,,,,
13165487701,node,Tokyo,旧江戸川展望台,旧江戸川展望台,,Old Edogawa observation deck,viewpoint,35.6800246,139.8867609,0,不明,,,,,,,
13253798201,node,Tokyo,駄菓子屋ゲーム博物館,駄菓子屋ゲーム博物館,,Dagashiya Game Museum,museum,35.764017,139.7026259,0,不明,,,,,,,http://dgmjp.stars.ne.jp/miyamotochou/
13264304601,node,Tokyo,Takeshita Street,Takeshita Street,,,attraction,35.6715932,139.7030663,0,不明,,,,,,,
28137295,way,Tokyo,古賀政男音楽博物館,古賀政男音楽博物館,,,museum,,,0,不明,,,,,,,
28144706,way,Tokyo,旧前田家本邸洋館,旧前田家本邸洋館,,Former Marquis Maeda Mansion,museum,,,0,不明,,,,,,,https://www.syougai.metro.tokyo.jp/sesaku/maedatei.html
28144849,way,Tokyo,日本近代文学館,日本近代文学館,,Museum of Modern Japanese Literature,museum,,,0,不明,,,,,Q1954709,ja:日本近代文学館,https://www.bungakukan.or.jp/
28145214,way,Tokyo,旧前田家本邸和館,旧前田家本邸和館,,Former Marquis Maeda Mansion,museum,,,0,不明,,,,,,,https://www.syougai.metro.tokyo.jp/sesaku/maedatei.html
33439660,way,Tokyo,東京国立博物館,東京国立博物館,,Tokyo National Museum,museum,,,0,不明,,,,,Q653433,ja:東京国立博物館,
33440458,way,Tokyo,東京都美術館,東京都美術館,東京都美術館,Tokyo Metropolitan Art Museum,museum,,,40,部分対応,yes,,,,Q864957,ja:東京都美術館,https://www.tobikan.jp/
43898324,way,Tokyo,科学技術館,科学技術館,,Science Museum,museum,,,0,不明,,,,,Q10855424,ja:科学技術館,
43934323,way,Tokyo,国立公文書館,国立公文書館,国立公文書館,National Archives of Japan,museum,,,0,不明,,,,,Q1072875,ja:国立公文書館,
43934324,way,Tokyo,東京国立近代美術館,東京国立近代美術館,東京国立近代美術館,"National Museum of Modern Art, Tokyo (MOMAT)",museum,,,0,不明,,,,,Q1359908,ja:東京国立近代美術館,https://www.momat.go.jp/
50706907,way,Tokyo,戸定が丘歴史公園,戸定が丘歴史公園,,Tojogaoka Historical Park,viewpoint,,,0,不明,,,,,Q60059561,,
55094062,way,Tokyo,矢切の渡し,矢切の渡し,,Yagiri-no-Watashi Ferry,attraction,,,0,不明,,,,,Q99556555,,
76187056,way,Tokyo,江戸東京博物館,江戸東京博物館,,Edo Tokyo Museum,museum,,,0,不明,,,,,Q1191042,ja:東京都江戸東京博物館,
81468035,way,Tokyo,区立教育科学館,区立教育科学館,,,museum,,,0,不明,,,,,,,
83240773,way,Tokyo,熊,熊,熊,Bears,attraction,,,0,不明,,,,,,,
89041321,way,Tokyo,東洋館,東洋館,,Toyokan (Asian Gallery),museum,,,55,対応済,yes,,yes,,,,
91234941,way,Tokyo,神田明神資料館,神田明神資料館,,Kanda-myōjin Museum,museum,,,0,不明,,,,,,,
92676026,way,Tokyo,外交史料館別館,外交史料館別館,,,museum,,,0,不明,,,,,,,
94104811,way,Tokyo,明治神宮聖徳記念絵画館,明治神宮聖徳記念絵画館,,Meiji Memorial Picture Gallery,museum,,,0,不明,,,,,Q5153794,ja:聖徳記念絵画館,http://www.meijijingugaien.jp/art-culture/seitoku-gallery/
94117009,way,Tokyo,早稲田大学坪内博士記念演劇博物館,早稲田大学坪内博士記念演劇博物館,,Waseda University Tsubouchi Memorial Theatre Museum,museum,,,0,不明,,,,,Q3951945,ja:早稲田大学坪内博士記念演劇博物館,http://www.waseda.jp/enpaku/
94117018,way,Tokyo,大隈講堂,早稲田大学大隈記念講堂,大隈講堂,Okuma Auditorium,attraction,,,0,不明,,,,,Q2870807,ja:大隈講堂,https://www.waseda.jp/culture/facility/auditorium/
95633646,way,Tokyo,渋谷区松濤美術館,渋谷区松濤美術館,,Shoto Museum of Art,museum,,,0,不明,,,,,,ja:渋谷区立松濤美術館,https://shoto-museum.jp/
97767438,way,Tokyo,グーフィーのペイントプレイハウス,グーフィーのペイントプレイハウス,グーフィーのペイントプレイハウス,Goofy's Paint Playhouse,attraction,,,0,不明,,,,,,,https://www.tokyodisneyresort.jp/attraction/detail/str_id:tt_goofy/
99270201,way,Tokyo,浅草花やしき,浅草花やしき,浅草花やしき,Asakusa Hanayashiki,theme_park,,,20,未対応,limited,,,,Q863180,ja:浅草花やしき,https://www.hanayashiki.net/
103425086,way,Tokyo,国立新美術館,国立新美術館,国立新美術館,"The National Art Center, Tokyo",museum,,,0,不明,,,,,Q1362638,ja:国立新美術館,https://www.nact.jp/
107771604,way,Tokyo,東京ガス「がすてなーに ガスの科学館」,東京ガス「がすてなーに ガスの科学館」,,Gas science museum,museum,,,55,対応済,yes,,yes,,Q11295937,ja:ガスの科学館,https://www.gas-kagakukan.com/
109503139,way,Tokyo,21_21 Design Sight,21_21 Design Sight,,21_21 Design Sight,museum,,,0,不明,,,,,Q863044,ja:21 21 DESIGN SIGHT,
112579573,way,Tokyo,杉並区立科学館,杉並区立科学館,,,museum,,,0,不明,,,,,Q11521694,,
117928766,way,Tokyo,LIXILギャラリー,LIXILギャラリー,,,museum,,,20,未対応,limited,,,,,,
120269977,way,Tokyo,東京海洋大学 マリンサイエンスミュージアム,東京海洋大学 マリンサイエンスミュージアム,,,museum,,,0,不明,,,,,Q133225949,,
120269991,way,Tokyo,東京海洋大学 鯨ギャラリー,東京海洋大学 鯨ギャラリー,,,museum,,,0,不明,,,,,,,
134668789,way,Tokyo,安田講堂,安田講堂,安田講堂,Yasuda Auditorium,attraction,,,0,不明,no,,,,Q8191484,ja:安田講堂,
135838556,way,Tokyo,たばこと塩の博物館,たばこと塩の博物館,,Tobacco & Salt Museum,museum,,,0,不明,,,,,Q11271253,ja:たばこと塩の博物館,https://www.jti.co.jp/Culture/museum/index.html
136587732,way,Tokyo,ストークビル道玄坂,ストークビル道玄坂,,,museum,,,0,不明,no,,,,,,
137625432,way,Tokyo,東京大学総合研究博物館,東京大学総合研究博物館,,"The University Museum, the University of Tokyo",museum,,,0,不明,,,,,Q15524927,ja:東京大学総合研究博物館,
137626375,way,Tokyo,Paupau Aqua Garden,Paupau Aqua Garden,,,aquarium,,,0,不明,,,,,,,http://www.paupau.co.jp/html/english.html
138698485,way,Tokyo,明治神宮宝物殿,明治神宮宝物殿,,Meiji Jingu Treasure Museum,museum,,,0,不明,,,,,Q133288913,,
139972313,way,Tokyo,根津美術館,根津美術館,,Nezu Museum,museum,,,40,部分対応,yes,,,,Q1047097,ja:根津美術館,
140099041,way,Tokyo,憲政記念館,憲政記念館,憲政記念館,Parliamentary Museum,museum,,,0,不明,,,,,Q11495238,,http://www.shugiin.go.jp
144379628,way,Tokyo,遊就館,遊就館,,Yūshūkan Japanese military & war museum,museum,,,0,不明,,,,,Q2855971,en:Yūshūkan,http://yasukuni.or.jp/yusyukan
145344062,way,Tokyo,法隆寺宝物館,法隆寺宝物館,,The Gallery of Horyuji Treasures,museum,,,0,不明,,,,,Q123195811,,
145344185,way,Tokyo,表慶館,表慶館,,Hyokeikan,museum,,,0,不明,,,,,,,
145344198,way,Tokyo,したまちミュージアム,したまちミュージアム,,Shitamachi Museum,museum,,,0,不明,,,,,Q3915464,ja:下町風俗資料館,https://www.taitocity.net/taito/shitamachi/
145501856,way,Tokyo,宮内庁 三の丸尚蔵館,宮内庁 三の丸尚蔵館,,"The Museum of the Imperial Collections, Sannomaru Shozokan",museum,,,40,部分対応,yes,,,,Q3076188,ja:三の丸尚蔵館,
149124460,way,Tokyo,イマーシブ・フォート東京,イマーシブ・フォート東京,,IMMERSIVE FORT TOKYO,theme_park,,,0,不明,,,,,Q130711537,ja:イマーシブ・フォート東京,https://immersivefort.com/
149126754,way,Tokyo,水の科学館,水の科学館,,Water Science Museum,museum,,,0,不明,,,,,Q11525336,ja:東京都水の科学館,http://www.mizunokagaku.jp
152936885,way,Tokyo,日本の鳥,日本の鳥,,Japanese Birds I,attraction,,,0,不明,,,,,,,
155235354,way,Tokyo,歌舞伎町一番街通り,歌舞伎町一番街通り,,Kabukicho Ichibangai-dori Street,attraction,,,0,不明,,,,,,,
156324994,way,Tokyo,板橋区立美術館,板橋区立美術館,,Itabashi Art Museum,museum,,,0,不明,,,,,Q11532663,ja:板橋区立美術館,
157050752,way,Tokyo,東京都復興記念館,東京都復興記念館,,Great Kanto Earthquake Memorial Museum,museum,,,40,部分対応,yes,,,,Q24895832,ja:東京都復興記念館,https://www.tokyoessentials.com/kanto-earthquake-memorial-museum.html
161011785,way,Tokyo,東京都庭園美術館,東京都庭園美術館,,Tokyo Metropolitan Teien Art Museum,museum,,,35,部分対応,limited,新館と本館1階は入館可、本館2階は長い階段があるためアクセス不可,yes,,Q743773,ja:東京都庭園美術館,
161274269,way,Tokyo,国立科学博物館 自然教育園,国立科学博物館 自然教育園,国立科学博物館 自然教育園,"Institute for Nature Study, National Museum of Nature and Science",museum,,,0,不明,,,,,Q5557026,ja:国立科学博物館附属自然教育園,
161731857,way,Tokyo,クリスタルビュー,クリスタルビュー,,Cristal view,viewpoint,,,0,不明,,,,,,,
161931777,way,Tokyo,ダイヤと花の大観覧車,ダイヤと花の大観覧車,,Diamond and Flower Ferris Wheel,theme_park,,,0,不明,,,,,Q901219,en:Diamond and Flower Ferris Wheel,
163051276,way,Tokyo,彰古館,,彰古館,Shōkokan,museum,,,0,不明,,,,,,,https://www.mod.go.jp/gsdf/mss/sp/sp6-400-museum.html
168230264,way,Tokyo,漱石山房記念館,漱石山房記念館,,Natsume Sōseki Memorial Museum,museum,,,0,不明,,,,,Q24862403,ja:新宿区立漱石山房記念館,https://soseki-museum.jp
173154847,way,Tokyo,金龍山 浅草寺,金龍山 浅草寺,金龍山 浅草寺,Sensō-ji,attraction,,,0,不明,no,,,,Q615183,ja:浅草寺,
173154849,way,Tokyo,雷門,雷門,,Kaminarimon,attraction,,,0,不明,,,,,Q2378708,ja:雷門,https://www.senso-ji.jp/guide/kaminari.html
173226201,way,Tokyo,旧朝倉家住宅,旧朝倉家住宅,,Former Asakura Estate,museum,,,0,不明,,,,,Q16944532,ja:旧朝倉家住宅,
173762751,way,Tokyo,宗谷,宗谷,宗谷,Sōya,museum,,,0,不明,,,,,Q138537,ja:宗谷 (船),
174402705,way,Tokyo,水素情報館 東京スイソミル,水素情報館 東京スイソミル,水素情報館 東京スイソミル,Tokyo Suiso-miru,museum,,,55,対応済,yes,,yes,東京スイソミルは、環境先進都市・東京都が目指す水素社会のショーケース。目に見えない水素のこと、水素社会の将来像を、見て触って体験しながら楽しく学べる総合的な学習施設です。,,,https://www.tokyo-suisomiru.jp/
177976247,way,Tokyo,山田洋次ミュージアム,山田洋次ミュージアム,山田洋次ミュージアム,Yoji Yamada Museum,museum,,,0,不明,,,,,,,
177976248,way,Tokyo,葛飾柴又寅さん記念館,葛飾柴又寅さん記念館,,Katsushika Shibamata Tora-san Memorial Museum,museum,,,40,部分対応,yes,,,,Q21018928,ja:葛飾柴又寅さん記念館,
183398105,way,Tokyo,足立区生物園,足立区生物園,,Adachi Park of Living Things,zoo,,,40,部分対応,yes,,,,Q11636941,ja:足立区生物園,https://seibutuen.jp/
186908761,way,Tokyo,無尽蔵,無尽蔵,,Mujinzo,museum,,,0,不明,,,,,,,
187797342,way,Tokyo,警察博物館,警察博物館,警察博物館,Police Museum,museum,,,20,未対応,limited,,,,Q11632332,ja:警察博物館,https://www.keishicho.metro.tokyo.jp/about_mpd/welcome/welcome/index.html
191044572,way,Tokyo,葛西臨海水族園,葛西臨海水族園,葛西臨海水族園,Tokyo Sea Life Park,aquarium,,,40,部分対応,yes,,,,Q4925165,ja:葛西臨海水族園,https://www.tokyo-zoo.net/english/kasai/
203538370,way,Tokyo,東京ディズニーシー,東京ディズニーシー,東京ディズニーシー,Tokyo DisneySea,theme_park,,,0,不明,,,,,Q1202341,ja:東京ディズニーシー,https://www.tokyodisneyresort.jp/tds/
203960902,way,Tokyo,国立科学博物館,国立科学博物館,国立科学博物館,National Museum of Nature and Science,museum,,,0,不明,,,,,Q74940,ja:国立科学博物館,
203960903,way,Tokyo,国立西洋美術館,国立西洋美術館,国立西洋美術館,National Museum of Western Art,museum,,,40,部分対応,yes,,,,Q1362629,ja:国立西洋美術館,
208656517,way,Tokyo,学習院大学史料館,学習院大学史料館,学習院大学史料館,Archives,museum,,,0,不明,,,,,Q11448881,,
209147930,way,Tokyo,ブリヂストン美術館永坂分室,ブリヂストン美術館永坂分室,,Bridgestone Museum,museum,,,0,不明,,,,,,,
211895346,way,Tokyo,Sledding,Sledding,,,attraction,,,0,不明,,,,,,,
215725979,way,Tokyo,翡翠原石館,翡翠原石館,,,museum,,,0,不明,,,,,,,
215976914,way,Tokyo,箱根マイセンアンティーク美術館東京,箱根マイセンアンティーク美術館東京,,,museum,,,0,不明,,,,,,,
217420947,way,Tokyo,両生爬虫類館,両生爬虫類館,両生爬虫類館,Vivarium,attraction,,,0,不明,,,,,,,
217929348,way,Tokyo,ロジャーラビットのカートゥーンスピン,ロジャーラビットのカートゥーンスピン Roger Rabbit's Car Toon Spin,ロジャーラビットのカートゥーンスピン,Roger Rabbit's Car Toon Spin,attraction,,,0,不明,,,,,Q3439399,en:Roger Rabbit's Car Toon Spin,https://www.tokyodisneyresort.co.jp/tdl/tt/atr_rabbit.html
222625981,way,Tokyo,世田谷美術館分館 宮本三郎記念美術館,,世田谷美術館分館 宮本三郎記念美術館,Setagaya Art Museum Saburo Miyamoto Memorial Art Museum,museum,,,0,不明,,,,,,,
229426242,way,Tokyo,ミュゼ浜口陽三・ヤマサコレクション,Musée Hamaguchi Yōzō: Yamasa Collection,ミュゼ浜口陽三・ヤマサコレクション,,museum,,,0,不明,,,,,,,
229500769,way,Tokyo,大田区立勝海舟記念館,大田区立勝海舟記念館,,Ota Ku Katsu Kaishū Memorial Museum,museum,,,0,不明,,,,,Q97371284,,
236559642,way,Tokyo,旧三河島汚水処分場喞筒場施設,旧三河島汚水処分場喞筒場施設,,Former Mikawashima Sewage Treatment Plant,attraction,,,0,不明,,,,,,,
238681908,way,Tokyo,あらかわ遊園,あらかわ遊園,,Arakawa Yuen Amusement Park;Arakawa Yuen (Amusement Park),theme_park,,,0,不明,,,,2018年12月1日からリニューアル工事のため休園 。リニューアルオープンは2020年後半を予定。,Q17191904,ja:あらかわ遊園,
239288045,way,Tokyo,ディズニーシー・エレクトリックレールウェイ,ディズニーシー・エレクトリックレールウェイ,ディズニーシー・エレクトリックレールウェイ,DisneySea Electric Railway,attraction,,,0,不明,,,,,Q11320079,ja:ディズニーシー・エレクトリックレールウェイ,
240891310,way,Tokyo,赤門,赤門,,Red Gate,attraction,,,40,部分対応,yes,,,,Q48807898,ja:御守殿,
242000475,way,Tokyo,北区ふるさと農業体験館,北区ふるさと農業体験館,,Kita City Furusato Nōka Taikenkan,museum,,,0,不明,,,,,,ja:北区ふるさと農業体験館,
264856191,way,Tokyo,鈴木信太郎記念館,鈴木信太郎記念館,,Shintaro Suzuki Memorial Museum,museum,,,0,不明,,,,,,,
265740138,way,Tokyo,チップとデールのツリーハウス,チップとデールのツリーハウス,チップとデールのツリーハウス,Chip 'n Dale's Treehouse,attraction,,,0,不明,,,,,Q11317957,ja:チップとデールのツリーハウス,https://www.tokyodisneyresort.jp/attraction/detail/str_id:tt_chip/
265740446,way,Tokyo,トゥーンパーク,トゥーンパーク,,Toon Park,attraction,,,0,不明,,,,,,,https://www.tokyodisneyresort.jp/attraction/detail/str_id:tt_toon/
266064299,way,Tokyo,雑司が谷旧宣教師館,雑司が谷旧宣教師館,雑司が谷旧宣教師館,Zoshigaya Missionary Museum,museum,,,0,不明,,,,,Q3915272,ja:雑司が谷旧宣教師館,https://www.city.toshima.lg.jp/129/bunka/bunka/shiryokan/kyusenkyoshikan/004412.html
272116601,way,Tokyo,ジャスミンのフライングカーペット,ジャスミンのフライングカーペット,ジャスミンのフライングカーペット,Jasmine's Flying Carpet,attraction,,,0,不明,,,,,Q2744001,ja:アラジンのマジック・カーペット,https://www.tokyodisneyresort.jp/attraction/detail/str_id:ac_jasmine/
288269147,way,Tokyo,東京スカイツリー,東京スカイツリー,,Tokyo Skytree,attraction,,,0,不明,,,,The tallest structure in Japan,Q57965,ja:東京スカイツリー,
306116935,way,Tokyo,三菱一号館,三菱一号館,,Mitsubishi Ichigokan Museum,museum,,,0,不明,no,,,,Q3815458,ja:三菱一号館美術館,
310081831,way,Tokyo,旧宇田川家住宅,旧宇田川家住宅,旧宇田川家住宅,,museum,,,0,不明,,,,,Q11511029,ja:旧宇田川家住宅,
310212418,way,Tokyo,旧大塚家住宅,旧大塚家住宅,旧大塚家住宅,,museum,,,0,不明,,,,,Q11511023,ja:旧大塚家住宅,
319186112,way,Tokyo,おしなりくんの家,おしなりくんの家,,,attraction,,,0,不明,,,,,,,
328162162,way,Tokyo,ジョイポリス,ジョイポリス,ジョイポリス,Joypolis,theme_park,,,20,未対応,limited,,,,Q11310533,en:Joypolis,https://tokyo-joypolis.com/
328326184,way,Tokyo,徳冨蘆花記念館,徳冨蘆花記念館,,Tokutomi Roka Memorial Museum,museum,,,0,不明,,,,,,,
328597978,way,Tokyo,大田黒公園記念館,大田黒公園記念館,,Ōtaguro Park Memorial Hall,attraction,,,0,不明,,,,旧大田黒家住宅洋館,,,
334122280,way,Tokyo,北区飛鳥山博物館,北区飛鳥山博物館,,Kita City Asukayama Museum,museum,,,0,不明,,,,,Q11401205,ja:北区飛鳥山博物館,
334122306,way,Tokyo,渋沢史料館,渋沢史料館,,Shibusawa Memorial Museum,museum,,,0,不明,,,,,Q11254595,ja:渋沢史料館,
334122319,way,Tokyo,紙の博物館,紙の博物館,,Paper Museum,museum,,,0,不明,,,,,Q11605492,ja:紙の博物館,
345247363,way,Tokyo,ラクーアビル,ラクーアビル,,LaQua Building,attraction,,,0,不明,,,,,,,https://www.laqua.jp/
345293593,way,Tokyo,東京ドームシティアトラクションズ,東京ドームシティアトラクションズ,東京ドームシティアトラクションズ,Tokyo Dome City Attractions,theme_park,,,0,不明,no,,,,Q564646,ja:東京ドームシティアトラクションズ,
356944461,way,Tokyo,電車車両,電車車両,,,attraction,,,0,不明,,,,,,,
362351417,way,Tokyo,プラネタリウム,プラネタリウム,プラネタリウム,Konica-Minolta Planetarium Tenku,attraction,,,0,不明,,,,,,,https://planetarium.konicaminolta.jp/
364038070,way,Tokyo,バードハウス,バードハウス,,Bird House,attraction,,,0,不明,,,,,,,
364116461,way,Tokyo,ペリカンとウ科,ペリカンと鵜科,ペリカンとウ科,Pelicans & Cormorants,attraction,,,0,不明,,,,,,,
372572644,way,Tokyo,永青文庫,永青文庫,,Eisei Bunko,museum,,,0,不明,,,,,Q728781,ja:永青文庫,https://www.eiseibunko.com/
373203537,way,Tokyo,塙保己一史料館,塙保己一史料館,,,museum,,,0,不明,,,,,Q21018910,ja:温故学会会館,
374082390,way,Tokyo,Kurakoen,,,Kurakoen,attraction,,,0,不明,,,,,,,
375676164,way,Tokyo,新宿区立中村彝アトリエ記念館,新宿区立中村彝アトリエ記念館,,Nakamura Tsune Atelier Museum,museum,,,0,不明,,,,,,,
402926474,way,Tokyo,SL D51 231,SL D51 231,,,attraction,,,0,不明,,,,,,,
402931623,way,Tokyo,ラムダ・ロケット用ランチャ,ラムダ・ロケット用ランチャ,,,attraction,,,0,不明,,,,,,,
415383706,way,Tokyo,栗山配水塔,栗山配水塔,,Kuriyama Standpipe,attraction,,,0,不明,,,,土木学会選奨土木遺産,Q11535945,ja:栗山配水塔,
416520157,way,Tokyo,矢切庚申塚,矢切庚申塚,,,attraction,,,0,不明,,,,,Q127684751,,
421209546,way,Tokyo,船堀タワー,船堀タワー,,,viewpoint,,,0,不明,,,,,,,
435082657,way,Tokyo,日本科学未来館,日本科学未来館,,Miraikan,museum,,,40,部分対応,yes,,,,Q656957,ja:日本科学未来館,
443912175,way,Tokyo,Gallery 蔵,Gallery 蔵,,,gallery,,,0,不明,,,,,,,
444853841,way,Tokyo,すみだ北斎美術館,すみだ北斎美術館,すみだ北斎美術館,The Sumida Hokusai Museum,museum,,,0,不明,,,,,Q17220332,ja:すみだ北斎美術館,https://hokusai-museum.jp/
459173214,way,Tokyo,東京大学総合研究博物館・小石川分館,東京大学総合研究博物館・小石川分館,,"Koishikawa Annex, Museum of Architecture, The University Museum, The University of Tokyo",museum,,,0,不明,,,,,Q3815581,"en:Koishikawa Annex, The University Museum, The University of Tokyo",
459173235,way,Tokyo,柴田記念館,柴田記念館,,Keita Shibata Memorial Hall,museum,,,0,不明,,,,,,,
460686920,way,Tokyo,メリーゴーランド,メリーゴーランド,,,attraction,,,0,不明,,,,,,,
497167393,way,Tokyo,第一芝浦丸,第一芝浦丸,,,attraction,,,0,不明,,,,,,,
509544637,way,Tokyo,子供動物園すてっぷ,子供動物園すてっぷ,,Children's Zoo STEP,zoo,,,0,不明,,,,,,,https://www.tokyo-zoo.net/zoo/ueno/childrenszoostep/
509544641,way,Tokyo,ふたば牧場,ふたば牧場,,Futaba Ranch,attraction,,,0,不明,,,,,,,
510609121,way,Tokyo,江戸川区自然動物園,江戸川区自然動物園,,Edogawa Zoo,zoo,,,0,不明,,,,,Q11551063,ja:江戸川区自然動物園,
511585927,way,Tokyo,横山大観記念館,横山大観記念館,,Yokoyama Taikan Memorial Hall,museum,,,0,不明,,,,,Q30925115,,
536806703,way,Tokyo,地下鉄博物館,地下鉄博物館,,Tokyo Metro Museum,museum,,,0,不明,,,designated,,Q11424081,ja:地下鉄博物館,https://www.chikahaku.jp/
539538016,way,Tokyo,アクアパーク品川,アクアパーク品川,,Aqua Park Shinagawa,aquarium,,,0,不明,,,,,Q3055859,ja:アクアパーク品川,
544733763,way,Tokyo,万世橋,万世橋,万世橋,Mansei Bridge,attraction,,,0,不明,,,,,Q2913480,ja:万世橋,
548936864,way,Tokyo,WILDMAGIC The Rainbow Farm,WILDMAGIC The Rainbow Farm,,,attraction,,,0,不明,,,,,,,https://wildmagic.jp
553522499,way,Tokyo,神宮橋,神宮橋,,Jingu Bridge,attraction,,,40,部分対応,yes,,,,Q11589493,en:Jingūbashi,
562839824,way,Tokyo,都電6000系,都電6000系,,,attraction,,,0,不明,,,,,,,
562839826,way,Tokyo,都電乙1形,都電乙1形,,,attraction,,,0,不明,,,,,,,
568436245,way,Tokyo,六本木ヒルズ,六本木ヒルズ,六本木ヒルズ,Roppongi Hills,attraction,,,40,部分対応,yes,,,,Q1071084,ja:六本木ヒルズ,http://www.roppongihills.com/
568709128,way,Tokyo,赤坂サカス,赤坂サカス,赤坂サカス,akasaka Sacas,attraction,,,0,不明,,,,,Q864638,ja:赤坂サカス,https://sacas.net/
572228274,way,Tokyo,リドアイル,リドアイル,,Lido Isle,attraction,,,0,不明,,,,,Q11348247,ja:リドアイル,
572498043,way,Tokyo,SOMPO美術館,SOMPO美術館,SOMPO美術館,Sompo Museum of Art,museum,,,0,不明,,,,,Q1614504,ja:SOMPO美術館,https://sompo-museum.org
575456993,way,Tokyo,コーヒーカップ,コーヒーカップ,,,attraction,,,0,不明,,,,,,,
575456994,way,Tokyo,観覧車,観覧車,,,attraction,,,0,不明,,,,,,,
575462939,way,Tokyo,ふれあい広場,ふれあい広場,,,attraction,,,0,不明,,,,,,,
575508672,way,Tokyo,ファミリーコースター,ファミリーコースター,,,attraction,,,0,不明,,,,,,,
575550226,way,Tokyo,どうぶつ広場,どうぶつ広場,,,zoo,,,0,不明,,,,,,,
610391551,way,Tokyo,雲鷹丸,雲鷹丸,雲鷹丸,Unyō Maru,attraction,,,0,不明,,,,,Q1599020,en:Japanese aircraft carrier Un'yō,
665315041,way,Tokyo,表参道,Omotesando District,表参道,,attraction;street,,,0,不明,,,,,,,
692432465,way,Tokyo,Museum of modern sculpture,,,Museum of modern sculpture,museum,,,0,不明,,,,,,,
724002077,way,Tokyo,こち亀記念館,こち亀記念館,,,museum,,,0,不明,,,,,,,
807500706,way,Tokyo,杉並区立郷土博物館,杉並区立郷土博物館,杉並区立郷土博物館,Suginami Historical Museum,museum,,,0,不明,,,,,Q20045092,ja:杉並区立郷土博物館,https://www.city.suginami.tokyo.jp/histmus/
819161140,way,Tokyo,兜町・茅場町まちかど展示館,兜町・茅場町まちかど展示館,,Kabutochō Kayabachō Machikado Museum,museum,,,0,不明,,,,,,,
819446112,way,Tokyo,交通資料館,交通資料館,,,museum,,,0,不明,,,,,,,
819966511,way,Tokyo,表参道の石灯籠,表参道の石灯籠,表参道の石灯籠,Stone Lanterns on Omotesandō at Aoyama Dōri,attraction,,,0,不明,,,,,,,
829552861,way,Tokyo,小山樋門,小山樋門,,,attraction,,,0,不明,,,,,Q65962636,ja:小山樋門,
848506227,way,Tokyo,レイジングスピリッツ,レイジングスピリッツ Raging Spirits,レイジングスピリッツ,Raging Spirits,attraction,,,0,不明,,,,,Q267353,en:Raging Spirits,https://www.tokyodisneyresort.co.jp/tds/ld/atr_raging.html
859751371,way,Tokyo,仲見世商店街,仲見世商店街,仲見世商店街,Nakamise Shopping Street,attraction,,,0,不明,,,,,Q107583845,ja:仲見世通り,
860559019,way,Tokyo,合羽橋道具街,合羽橋道具街,,,attraction,,,0,不明,,,,,,,
863163760,way,Tokyo,大隈庭園,大隈庭園,大隈庭園,Okuma Garden,attraction,,,0,不明,,,,,Q3594031,,
914133670,way,Tokyo,下町風俗資料館付設展示場【旧吉田屋酒店】,下町風俗資料館付設展示場【旧吉田屋酒店】,,Shitamachi museum annex [Yoshidaya],museum,,,0,不明,,,,,Q59268117,,https://www.taitocity.net/zaidan/shitamachi/shitamachi_annex/
997808919,way,Tokyo,日本の動物,日本の動物,,Japanese Animals,attraction,,,0,不明,,,,,,,
997808951,way,Tokyo,熊猫森林,熊猫森林,熊猫森林,Panda Forest,attraction,,,0,不明,,,,,,,https://www.ueno-panda.jp/
1040431213,way,Tokyo,aquarium de carpe,aquarium de carpe,,,aquarium,,,0,不明,,,,,,,
1058118414,way,Tokyo,ワーナー ブラザース スタジオツアー東京 - メイキング・オブ・ハリー・ポッター,ワーナー ブラザース スタジオツアー東京 - メイキング・オブ・ハリー・ポッター,ワーナー ブラザース スタジオツアー東京 - メイキング・オブ・ハリー・ポッター,Warner Bros. Studio Tour Tokyo – The Making of Harry Potter,theme_park,,,0,不明,,,,,,,https://www.wbstudiotour.jp/
1065775336,way,Tokyo,恩賜上野動物園,恩賜上野動物園,,Ueno Zoological Gardens,zoo,,,40,部分対応,yes,,,,Q162722,ja:恩賜上野動物園,
1065775337,way,Tokyo,恩賜上野動物園（東園）,恩賜上野動物園（東園）,,Ueno Zoological Gardens (East Garden),zoo,,,40,部分対応,yes,,,,,,
1065775338,way,Tokyo,恩賜上野動物園（西園）,恩賜上野動物園（西園）,,Ueno Zoological Gardens (West Garden),zoo,,,40,部分対応,yes,,,,,,
1119892552,way,Tokyo,臨海副都心共同溝展示館K-MUSEUM,臨海副都心共同溝展示館K-MUSEUM,,,museum,,,0,不明,,,,,,,
1121230282,way,Tokyo,若洲展望台,若洲展望台,,,viewpoint,,,0,不明,,,,,,,
1135849071,way,Tokyo,明治神宮ミュージアム,明治神宮ミュージアム,,Meiji Shrine Museum,museum,,,0,不明,,,,,Q127692420,,
1189531504,way,Tokyo,本と活字館,本と活字館,,,museum,,,0,不明,,,,,,,
1189992649,way,Tokyo,フジゴルフセンター,フジゴルフセンター,,Fuji Golf Driving Range,attraction,,,0,不明,,,,,,,
1220677132,way,Tokyo,角野栄子児童文学館,角野栄子児童文学館（魔法の文学館）,角野栄子児童文学館,Kiki's Museum of Literature,museum,,,0,不明,,,,,Q123309852,ja:江戸川区角野栄子児童文学館,
1226766294,way,Tokyo,長谷川町子記念館,,長谷川町子記念館,Machiko Hasegawa Memorial Hall,museum,,,0,不明,,,,,,,
1256845807,way,Tokyo,清水建設歴史資料館,NOVARE Archives,清水建設歴史資料館,,museum,,,0,不明,,,,,,,https://www.shimz.co.jp/novare/archives/index.html
1305978691,way,Tokyo,プリベット通り四番地,プリベット通り四番地,プリベット通り四番地,#4 Privet drive,attraction,,,0,不明,,,,,,,
1305978692,way,Tokyo,ホグワーツ橋,ホグワーツ橋,,,attraction,,,0,不明,,,,,,,
1305978693,way,Tokyo,ハグリッドの小屋,ハグリッドの小屋,ハグリッドの小屋,Hagrid's hut,attraction,,,0,不明,,,,,,,
1311447303,way,Tokyo,松原一丁目日章館亀井邸,松原一丁目日章館亀井邸,,,attraction,,,0,不明,,,,,,,
1322002409,way,Tokyo,新宿御苑ミュージアム,新宿御苑ミュージアム,,Shinjuku Gyoen Museum,museum,,,0,不明,,,,,,,
1335178864,way,Tokyo,渋谷駅前交差点,渋谷駅前交差点,渋谷駅前交差点,Shibuya Sta.,attraction,,,0,不明,,,,,Q21083961,en:Shibuya Crossing,
1347122872,way,Tokyo,東洋文庫ミュージアム,東洋文庫ミュージアム,,Toyo Bunko Museum,museum,,,0,不明,,,,,,,
1347559499,way,Tokyo,港区立郷土歴史館,港区立郷土歴史館,,Minato City Local History Museum,museum,,,0,不明,,,,,Q115212362,ja:港区立郷土歴史館,https://www.minato-rekishi.com/
1358679892,way,Tokyo,東京キャラクターストリート,Tokyo Character Street,東京キャラクターストリート,,attraction,,,0,不明,,,,,,,
1376695886,way,Tokyo,桜園地,桜園地,,Cherry Tree Area,attraction,,,0,不明,,,,,,,
1377095836,way,Tokyo,岡本民家園,岡本民家園,,,museum,,,0,不明,,,,,,,
1428873017,way,Tokyo,加藤真咲の屋外レトロコレクション博物館,加藤真咲の屋外レトロコレクション博物館,加藤真咲の屋外レトロコレクション博物館,Masae Kato's Retro Collection Outdoor Museum,museum,,,0,不明,,,,,,,
1434671683,way,Tokyo,C11 292,C11 292,,,attraction,,,0,不明,,,,,Q11421726,ja:国鉄C11形蒸気機関車,
961061,way,Tokyo,野菊の小道,野菊の小道,,,attraction,,,0,不明,,,,,Q133452217,,
2737745,way,Tokyo,本館,本館,,Honkan (Japanese Gallery),museum,,,55,対応済,yes,,yes,,,,
3557458,way,Tokyo,ウエスタンリバー鉄道,ウエスタンリバー鉄道,ウエスタンリバー鉄道,Western River Railway,attraction,,,40,部分対応,yes,,,,Q3567503,ja:ウエスタンリバー鉄道,https://www.tokyodisneyresort.jp/tdl/attraction/detail/154/
4247312,way,Tokyo,東京タワー,東京タワー,東京タワー,Tokyo Tower,attraction,,,0,不明,,,,,Q183536,ja:東京タワー,
12077221,way,Tokyo,東京都現代美術館,東京都現代美術館,東京都現代美術館,Museum of Contemporary Art Tokyo,museum,,,0,不明,,,,,Q1649688,ja:東京都現代美術館,https://www.mot-art-museum.jp/
16562139,way,Tokyo,新宿ゴールデン街,新宿ゴールデン街,,Shinjuku Golden Gai,attraction,,,0,不明,,,,,Q5363705,ja:新宿ゴールデン街,
17645699,way,Tokyo,シンデレラ城,シンデレラ城,シンデレラ城,Cinderella Castle,attraction,,,0,不明,,,,,Q2742709,ja:シンデレラ城,https://disneyparks.disney.go.com/jp/disneyland/
17645700,way,Tokyo,ミッキーのフィルハーマジック,ミッキーのフィルハーマジック,ミッキーのフィルハーマジック,Mickey's PhilharMagic,attraction,,,0,不明,,,,,,,https://www.tokyodisneyresort.co.jp/tdl/fl/atr_philhar.html
17645701,way,Tokyo,美女と野獣”魔法のものがたり”,美女と野獣”魔法のものがたり”,美女と野獣”魔法のものがたり”,Enchanted Tale of Beauty and the Beast,attraction,,,0,不明,,,,,Q65042943,ja:美女と野獣“魔法のものがたり”,https://www.tokyodisneyresort.jp/tdl/attraction/detail/197/
17735235,way,Tokyo,スター・ツアーズザ・アドベンチャーズ・コンティニュー,スター・ツアーズザ・アドベンチャーズ・コンティニュー,スター・ツアーズザ・アドベンチャーズ・コンティニュー,Star Tours – The Adventures Continue,attraction,,,40,部分対応,yes,,,,Q3496988,ja:スター・ツアーズ:ザ・アドベンチャーズ・コンティニュー,https://www.tokyodisneyresort.jp/en/attraction/detail/str_id:tl_monster/
17744003,way,Tokyo,蒸気船マークトウェイン号,蒸気船マークトウェイン号,蒸気船マークトウェイン号,Mark Twain Riverboat,attraction,,,0,不明,,,,,Q3006137,ja:蒸気船マークトウェイン号,https://www.tokyodisneyresort.jp/attraction/detail/str_id:wl_mark/
17747378,way,Tokyo,ミッキーの家とミート・ミッキー,ミッキーの家とミート・ミッキー,ミッキーの家とミート・ミッキー,Mickey's House and Meet Mickey,attraction,,,0,不明,,,,,Q6838553,ja:ミッキーの家,https://www.tokyodisneyresort.jp/greeting/detail/str_id:tt_mickey/
17897015,way,Tokyo,東京ディズニーランド,東京ディズニーランド,東京ディズニーランド,Tokyo Disneyland,theme_park,,,0,不明,,,,,Q843997,ja:東京ディズニーランド,https://www.tokyodisneyresort.jp/tdl/
251378623,node,Osaka,大阪城天守閣,大阪城天守閣,大阪城天守閣,Osaka Castle,attraction,34.6873398,135.5258386,40,部分対応,yes,,,,Q321242,ja:大坂城,https://osakacastle.net/
1422985794,node,Osaka,司馬遼太郎記念館,司馬遼太郎記念館,,Shiba Ryotaro memorial museum,museum,34.660438,135.586191,0,不明,,,,,Q11412294,ja:司馬遼太郎記念館,
1422988631,node,Osaka,大阪商業大学商業史博物館,大阪商業大学商業史博物館,,,museum,34.666829,135.585498,0,不明,,,,,Q11440106,ja:大阪商業大学商業史博物館,
1422989271,node,Osaka,大阪市下水道科学館,大阪市下水道科学館,,,museum,34.693465,135.462465,0,不明,,,,2020年夏頃まで一時閉館中,Q11440200,ja:大阪市下水道科学館,
1422990011,node,Osaka,大阪府立 上方演芸資料館,大阪府立 上方演芸資料館,,Osaka Prefectural Museum of Kamigata Comedy and Performing Arts,museum,34.6646523,135.5031573,0,不明,,,,,Q11440995,ja:大阪府立上方演芸資料館,
1422990204,node,Osaka,大阪府立現代美術センター,大阪府立現代美術センター,,Osaka Contemporary Art Center,museum,34.6839942,135.5180899,40,部分対応,yes,,,,Q4707643,en:Osaka Contemporary Art Center,
1422991063,node,Osaka,KEIDAIギャラリー,KEIDAIギャラリー,,,museum,34.7474436,135.5417005,0,不明,,,,,,,
1422991771,node,Osaka,奥内陶芸美術館,奥内陶芸美術館,,,museum,34.780465,135.456914,0,不明,,,,,,,
1423006333,node,Osaka,湯木美術館,湯木美術館,,,museum,34.6875435,135.5022517,0,不明,,,,,Q11563573,en:Yuki Museum of Art,
1423016951,node,Osaka,造幣博物館,造幣博物館,造幣博物館,Mint Museum,museum,34.6958942,135.5216842,40,部分対応,yes,,,,Q11271546,ja:造幣博物館,https://www.mint.go.jp/enjoy/plant-osaka/plant_museum.html
1423018611,node,Osaka,鴻池新田会所,鴻池新田会所,,,museum,34.69827,135.599815,0,不明,,,,,,,
1423061021,node,Osaka,世界の貯金箱博物館,世界の貯金箱博物館,,,museum,34.7162548,135.4134125,0,不明,,,,,Q11362202,ja:世界の貯金箱博物館,
1423061454,node,Osaka,尼崎市立田能資料館,尼崎市立田能資料館,,,museum,34.770041,135.439906,0,不明,,,,,,,https://www.city.amagasaki.hyogo.jp/gakusyu/
1906505143,node,Osaka,キッズプラザ大阪,キッズプラザ大阪,,Kids Plaza Osaka,theme_park,34.7045253,135.5102709,40,部分対応,yes,,,,Q11296794,ja:キッズプラザ大阪,https://www.kidsplaza.or.jp/
2354657950,node,Osaka,ナルミヤ戎橋画廊,ナルミヤ戎橋画廊,,,gallery,34.6683852,135.50115,0,不明,,,,,,,
2355655801,node,Osaka,ほたるアート,ほたるアート,,,gallery,34.6944774,135.5109166,0,不明,,,,,,,
2373447958,node,Osaka,design museum,design museum,,,museum,34.6910724,135.4868302,0,不明,,,,,,,https://designde.jp/
2376818627,node,Osaka,南蛮文化館,南蛮文化館,,Gallery Namban,museum,34.709457,135.4919,0,不明,,,,,Q11408411,ja:南蛮文化館,
2681858910,node,Osaka,上新庄一番,上新庄一番,,,attraction,34.7475834,135.5333027,0,不明,,,,,,,
2908598246,node,Osaka,南森町アートギャラリー,南森町アートギャラリー,,Minamimorimachi Art Gallery,gallery,34.6979209,135.5125911,0,不明,,,,,,,
3066020234,node,Osaka,掛塚跡プレート,掛塚跡プレート,,,viewpoint,34.765483,135.416138,0,不明,,,,,,,
3072880233,node,Osaka,キジ,キジ,,,attraction,34.650095,135.507124,0,不明,,,,,,,
3072881833,node,Osaka,フクロウ,フクロウ,,Owls,attraction,34.649403,135.5071,0,不明,,,,,,,
3072882733,node,Osaka,ホッキョクグマ,ホッキョクグマ,,Polar Bears,attraction,34.6491894,135.5072958,0,不明,,,,,,,
3072883433,node,Osaka,ニホングマ,ニホングマ,,,attraction,34.6491476,135.5076829,0,不明,,,,,,,
3072884133,node,Osaka,アジアゾウ,アジアゾウ,,,attraction,34.649795,135.507878,0,不明,,,,,,,
3072886933,node,Osaka,ニホンシカ,ニホンシカ,,Japanese Deer,attraction,34.6501619,135.5084042,0,不明,,,,,,,
3072890033,node,Osaka,ワシ,ワシ,,Eagles,attraction,34.653547,135.508477,0,不明,,,,,,,
3094954698,node,Osaka,うさぎ,うさぎ,,Rabbits,attraction,34.6510288,135.5088101,0,不明,,,,,,,
3094954699,node,Osaka,エミュー,エミュー,,Emus,attraction,34.6511892,135.5088146,0,不明,,,,,,,
3094954700,node,Osaka,エランド,エランド,,Elands,attraction,34.6524549,135.5086546,0,不明,,,,,,,
3094954701,node,Osaka,オウサマペンギン,オウサマペンギン,,,attraction,34.6517075,135.5088856,0,不明,,,,,,,
3094954703,node,Osaka,キリン,キリン,,Giraffes,attraction,34.6527583,135.50874,0,不明,,,,,,,
3094954706,node,Osaka,シギ,シギ,,,attraction,34.6512145,135.5084184,0,不明,,,,,,,
3094955700,node,Osaka,ハイエナ,ハイエナ,,Hyenas,attraction,34.6525319,135.5084668,0,不明,,,,,,,
3094955701,node,Osaka,ヒツジ,ヒツジ,,Sheep,attraction,34.6512857,135.5091031,0,不明,,,,,,,
3094955702,node,Osaka,フラミンゴ,フラミンゴ,,Flamingos,attraction,34.6510746,135.5084161,0,不明,,,,,,,
3094955703,node,Osaka,フンボルトペンギン,フンボルトペンギン,,,attraction,34.6517299,135.5090339,0,不明,,,,,,,
3094955704,node,Osaka,マレーグマ,マレーグマ,,,attraction,34.6490787,135.5076377,0,不明,,,,,,,
3094955705,node,Osaka,メガネグマ,メガネグマ,,,attraction,34.6492084,135.5076695,0,不明,,,,,,,
3094955706,node,Osaka,ライオン,ライオン,,Lions,attraction,34.652661,135.5084154,0,不明,,,,,,,
3094955707,node,Osaka,ラクダ,ラクダ,,Camels,attraction,34.6510121,135.5089057,0,不明,,,,,,,
3507545614,node,Osaka,道頓堀グリコサイン,道頓堀グリコサイン,,Glico Man Sign,attraction,34.668926,135.5010546,0,不明,,,,,Q18337476,ja:道頓堀グリコサイン,
3848548679,node,Osaka,あまらぶアートラボ　A-Lab,あまらぶアートラボ　A-Lab,,,museum,34.72291,135.4227312,40,部分対応,yes,,,,,,
3904027787,node,Osaka,トラ,トラ,,,attraction,34.6532296,135.5092323,0,不明,,,,,,,
3904064434,node,Osaka,まほうびん記念館,まほうびん記念館,,,museum,34.6954604,135.5182208,0,不明,,,,,,,https://www.zojirushi.co.jp/corp/kinenkan/
3953009758,node,Osaka,ギャラリー ササキ商店,ギャラリー ササキ商店,ギャラリー ササキ商店,Gallery SASAKI,gallery,34.6723975,135.5009862,0,不明,,,,,,,http://www.gallerysasaki.com/
4025269787,node,Osaka,画廊喫茶「蜜」,画廊喫茶「蜜」,,,gallery,34.7227057,135.412051,20,未対応,limited,,,,,,http://cafemitsu.blog.fc2.com/
4071775808,node,Osaka,ギャラリー菊,ギャラリー菊,,,gallery,34.6973382,135.5036525,0,不明,,,,,,,
4190281189,node,Osaka,千日前道具屋筋店街,千日前道具屋筋店街,千日前道具屋筋店街,Sennichimae Doguyasuji,attraction,34.6639801,135.5034923,0,不明,,,,,,,
4190308689,node,Osaka,新世界,新世界,,Shinsekai,attraction,34.6520901,135.5061908,0,不明,,,,,Q1049117,en:Shinsekai,
4236954890,node,Osaka,ドラゴンゲート,ドラゴンゲート,,Dragon Gate,attraction,34.6685828,135.5038166,0,不明,,,,,,,
4325335299,node,Osaka,空中庭園展望台,空中庭園展望台,,Floating Garden Observatory,viewpoint,34.7053004,135.4901397,0,不明,,,,"Concept attraction within circular observatory area, on top of the tall building. 高層ビルの屋上にある円形の展望台エリアのアトラクションをモチーフにしたコンセプチュアルガーデンです。",,,
4341704465,node,Osaka,ビリーブムーン,ビリーブムーン,,B.moon,gallery,34.6579868,135.5600848,0,不明,,,,,,,
4417440996,node,Osaka,Dōtombori Arcade,,,Dōtombori Arcade,attraction,34.6687491,135.50433,0,不明,,,,,,,
4419665990,node,Osaka,大阪くらしの今昔館,大阪くらしの今昔館,大阪くらしの今昔館,Osaka Museum of Housing and Living,museum,34.7104664,135.5114334,0,不明,,,,,Q11439926,ja:大阪くらしの今昔館,
4441763434,node,Osaka,尼崎市立歴史博物館,尼崎市立歴史博物館,,,museum,34.7149245,135.4208108,0,不明,,,,,Q11464987,ja:尼崎市立歴史博物館,http://www.archives.city.amagasaki.hyogo.jp/museum/
4586410090,node,Osaka,アメリカ村,アメリカ村,アメリカ村,American Village,attraction,34.6720061,135.4988014,20,未対応,limited,,,,Q4745722,ja:アメリカ村,
4586417789,node,Osaka,湊町リバープレイス,湊町リバープレイス,,,viewpoint,34.6687571,135.4954509,0,不明,,,,,,,
4586417790,node,Osaka,御堂筋銀杏,御堂筋銀杏,御堂筋銀杏,,attraction,34.6726167,135.5003673,0,不明,,,,,,,
4586420089,node,Osaka,心斎橋筋商店街,心斎橋筋商店街,心斎橋筋商店街,Shinsaibashi Suji Shopping Street,attraction,34.6742186,135.5013722,0,不明,,,,,,,https://shinsaibashi-noh.jp/
4586420091,node,Osaka,オレンジストリート,オレンジストリート,,orange street,attraction,34.6710156,135.4954996,0,不明,,,,,,,
4698067490,node,Osaka,Shinsaibashi-suji Shopping Arcade,,,Shinsaibashi-suji Shopping Arcade,attraction,34.6759714,135.5013854,0,不明,,,,,,,
4702930289,node,Osaka,Kema Sakuranomiya Park,,,Kema Sakuranomiya Park,attraction,34.704745,135.5191215,0,不明,,,,,,,
4702930389,node,Osaka,Kema Sakuranomiya Park,,,Kema Sakuranomiya Park,attraction,34.6990598,135.5234091,0,不明,,,,,,,
4730583824,node,Osaka,ジョーズ,ジョーズ,,JAWS,attraction,34.666215,135.4316903,0,不明,,,,,,,
4755568882,node,Osaka,イロリムラ,イロリムラ,,,gallery,34.7065298,135.5055157,0,不明,,,,,,,
4794637923,node,Osaka,芭蕉終焉の地,芭蕉終焉の地,芭蕉終焉の地,,attraction,34.6809146,135.5006223,0,不明,,,,,,,
4798455141,node,Osaka,スペース・ファンタジー・ザ・ライド,スペース・ファンタジー・ザ・ライド,スペース・ファンタジー・ザ・ライド,,attraction,34.6652575,135.4355877,0,不明,,,,,Q7572345,ja:スペース・ファンタジー・ザ・ライド,
4800578702,node,Osaka,西淀川公害資料館,西淀川公害資料館,,,museum,34.7101102,135.455956,0,不明,,,,西淀川・公害と環境資料館,,,https://www.kcc-grp.com/
4807613474,node,Osaka,ハルカス300,ハルカス300,,Harukas 300,viewpoint,34.6459798,135.5135227,0,不明,,,,,Q118213997,,
4807613479,node,Osaka,あべのハルカス美術館,あべのハルカス美術館,,Abeno Harukas Art Museum,museum,34.6458431,135.5131689,0,不明,,,,,Q59536065,en:Abeno Harukas Art Museum,
4847269022,node,Osaka,Onsen,,,Onsen,attraction,34.6185207,135.490649,0,不明,,,,,,,
4847990721,node,Osaka,天保山ハーバービレッジ,天保山ハーバービレッジ,,Tempozan Harbor Village,attraction,34.6551472,135.4299216,40,部分対応,yes,,,,,,
4849725626,node,Osaka,Kani Doraku Crab,,,Kani Doraku Crab,attraction,34.6687933,135.5014975,0,不明,,,,,,,
4874425748,node,Osaka,プリシラ工房,プリシラ工房,,,gallery,34.6621107,135.5618809,0,不明,,,,,,,
4888173123,node,Osaka,とんぼりリバークルーズ,とんぼりリバークルーズ,,Tombori River Cruise,attraction,34.6691362,135.5027051,0,不明,no,,,,,,https://www.ipponmatsu.co.jp/cruise/tombori.html
4888177821,node,Osaka,道頓堀川遊覽船,道頓堀川遊覽船,道頓堀川遊覽船,,attraction,34.6691158,135.499938,0,不明,,,,,,,
4899903022,node,Osaka,天然露天溫泉SPA住之江,天然露天溫泉SPA住之江,天然露天溫泉SPA住之江,Spa Suminoe,attraction,34.6104698,135.4686278,0,不明,,,,,,,http://www.spasuminoe.jp/
4900389800,node,Osaka,水の時計,水の時計,,Water Clock,attraction,34.7016851,135.4966139,0,不明,,,,,,,
4920617728,node,Osaka,大阪歴史博物館,大阪歴史博物館,大阪歴史博物館,Osaka Museum of History,museum,34.6826183,135.5208131,40,部分対応,yes,,,,Q11261312,ja:大阪歴史博物館,https://www.osakamushis.jp/
4920825524,node,Osaka,大阪府咲洲庁舎展望台,大阪府咲洲庁舎展望台,大阪府咲洲庁舎展望台,Observation Deck Cosmo Tower,viewpoint,34.6383133,135.4148695,0,不明,,,,,,,
4921001151,node,Osaka,ホグワーツ特急のフォト・オポチュニティ,ホグワーツ特急のフォト・オポチュニティ,,Hogwarts Express Photo,attraction,34.667483,135.4314141,0,不明,,,,,,,
4921001154,node,Osaka,ハリーポッター・アンド・ザ・フォービドゥン・ジャーニー,ハリーポッター・アンド・ザ・フォービドゥン・ジャーニー,,Harry Potter and The Forbidden Journey in 4K3D,attraction,34.6688375,135.4316302,40,部分対応,yes,,,,Q2453087,en:Harry Potter and the Forbidden Journey,
4921052703,node,Osaka,フォーティセカンド・ストリート・スタジオ ～グリーティング・ギャラリー～,フォーティセカンド・ストリート・スタジオ ～グリーティング・ギャラリー～,,42nd Street Studio: Greeting Gallery,attraction,34.664133,135.43339,0,不明,,,,,,,
4921052714,node,Osaka,ウォーターワールド,ウォーターワールド,,Water World,attraction,34.6667677,135.4297516,0,不明,,,,,Q1207226,en:Water World,
4921052719,node,Osaka,ジュラシック・パーク・ザ・ライド,ジュラシック・パーク・ザ・ライド,,Jurassic Park - The Ride,attraction,34.6643967,135.4306258,0,不明,,,,,,,
4921054659,node,Osaka,フライング・スヌーピー,フライング・スヌーピー,,The Flying Snoopy,attraction,34.6667609,135.4325632,0,不明,,,,,,,
4921054660,node,Osaka,ハローキティのカップケーキ・ドリーム,ハローキティのカップケーキ・ドリーム,,Hello Kitty's Cupcake Dream,attraction,34.6669573,135.4329387,0,不明,,,,,,,
4921054661,node,Osaka,ビッグバードのビッグトップ・サーカス,ビッグバードのビッグトップ・サーカス,,Big Bird's Big Top Circus,attraction,34.6674492,135.4329628,0,不明,,,,,,,
4921054662,node,Osaka,エルモのリトル・ドライブ,エルモのリトル・ドライブ,,Elmo's Little Drive,attraction,34.6675266,135.4332374,0,不明,,,,,,,
4921054664,node,Osaka,ハローキティのリボン・コレクション,ハローキティのリボン・コレクション,,Hello Kitty's Cupcake Dream,attraction,34.6672683,135.4326731,0,不明,,,,,,,
4921054665,node,Osaka,モッピーのバルーン・トリップ,モッピーのバルーン・トリップ,,Moppy's Balloon Trip,attraction,34.6673621,135.4335509,0,不明,,,,,,,
4921054666,node,Osaka,エルモのゴーゴー・スケートボード,エルモのゴーゴー・スケートボード,,Elmo's Go-GO Skateboard,attraction,34.6672109,135.4333625,0,不明,,,,,,,
4921054667,node,Osaka,セサミのビッグ・ドライブ,セサミのビッグ・ドライブ,,Sesame's Big Drive,attraction,34.6673628,135.4340334,0,不明,,,,,,,
4921054668,node,Osaka,ウォーターガーデン,ウォーターガーデン,,Water Garden,attraction,34.6672992,135.4337326,0,不明,,,,,,,
4921054670,node,Osaka,クッキーモンスター・スライド,クッキーモンスター・スライド,,Cookie Monster Slide,attraction,34.6675727,135.4336709,0,不明,,,,,,,
4921054671,node,Osaka,アビーのマジカル・ツリー,アビーのマジカル・ツリー,,Abby's Magical Tree,attraction,34.6675044,135.4335905,0,不明,,,,,,,
4921054672,node,Osaka,ビッグバードのビッグ・ネスト,ビッグバードのビッグ・ネスト,,Big Bird's Big Nest,attraction,34.6679147,135.4330245,0,不明,,,,,,,
4921054673,node,Osaka,モッピーのラッキー・ダンス・パーティ,モッピーのラッキー・ダンス・パーティ,,Moppy's Lucky Dance Party,attraction,34.6680647,135.4330406,0,不明,,,,,,,
4921054674,node,Osaka,エルモのバブル・バブル,エルモのバブル・バブル,,Elmo's Bubble Bubble,attraction,34.6682029,135.4331362,0,不明,,,,,,,
4921054675,node,Osaka,グローバーのコンストラクション・カンパニー,グローバーのコンストラクション・カンパニー,,Grover's Construction Company,attraction,34.668164,135.4335154,0,不明,,,,,,,
4921054676,node,Osaka,アビーのマジカル・パーティ,アビーのマジカル・パーティ,,,attraction,34.6680294,135.4334537,0,不明,,,,,,,
4921054677,node,Osaka,バートとアーニーのワンダー・ザ・シー,バートとアーニーのワンダー・ザ・シー,,Bert and Ernie's Wonder -The Sea,attraction,34.667875,135.4334215,0,不明,,,,,,,
4921452594,node,Osaka,ミニオン・ハチャメチャ・ライド,ミニオン・ハチャメチャ・ライド,,Despicable Me: Minion Mayhem,attraction,34.6629178,135.4323485,0,不明,,,,,Q15535185,en:Despicable Me Minion Mayhem,
4921452595,node,Osaka,ホグワーツ・キャッスル・ウォーク,ホグワーツ・キャッスル・ウォーク,,Hogwarts Castle Walk,attraction,34.668722,135.4315306,0,不明,,,,,,,
4934746243,node,Osaka,ユニバーサル・グローブ,ユニバーサル・グローブ,,,attraction,34.6679581,135.4352965,0,不明,,,,,,,
4935126377,node,Osaka,アーニーのラバーダッキー・レース,アーニーのラバーダッキー・レース,,Ernie's Rubber Duckie Race,attraction,34.6671996,135.4337528,0,不明,,,,,,,
4939477102,node,Osaka,南山田市民ギャラリー,南山田市民ギャラリー,,,gallery,34.7912135,135.5381362,0,不明,,,,,,,
4950215822,node,Osaka,心斋桥筋商店街,心斋桥筋商店街,心斋桥筋商店街,Shisaibashi-Suji,attraction,34.669441,135.5012919,0,不明,,,,,,,
4959218109,node,Osaka,奥内陶芸美術館,奥内陶芸美術館,,,museum,34.7805787,135.4624779,0,不明,,,,,,,
4986090493,node,Osaka,23年養殖クロマグロ原寸大レプリカ,23年養殖クロマグロ原寸大レプリカ,,,attraction,34.6507142,135.5872881,0,不明,,,,,,,
4986099037,node,Osaka,不倒館,不倒館,,,museum,34.6513318,135.5863229,40,部分対応,yes,,,,,,
5005577624,node,Osaka,mrs Triangle,mrs Triangle,,,museum,34.6701948,135.5523778,0,不明,,,,,,,
5149144823,node,Osaka,黒門市場,黒門市場,黒門市場,Kuromon Ichiba Market,attraction,34.666272,135.5070387,0,不明,,,,,,,
5156557168,node,Osaka,尼崎市地域研究史料館,尼崎市地域研究史料館,,,museum,34.7206234,135.4200593,0,不明,,,,,,,
5173016378,node,Osaka,平和祈念資料館,平和祈念資料館,,,museum,34.7931712,135.5084905,0,不明,,,,,,,
5178256363,node,Osaka,中之島 香雪美術館,中之島 香雪美術館,,Kosetsu Museum,museum,34.6931852,135.4953906,0,不明,,,,,,,
5178256364,node,Osaka,ダイビルサロン“1923”,ダイビルサロン“1923”,,,museum,34.6931665,135.4925233,0,不明,,,,,,,
5232334734,node,Osaka,カラオケ キングスポート,カラオケ キングスポート,,,attraction,34.6706336,135.5948195,0,不明,,,,,,,
5255236943,node,Osaka,X-Bowl,X-Bowl,,,attraction,34.6906633,135.5899067,0,不明,,,,,,,
5281672932,node,Osaka,カラオケ・サウンドスタイル,カラオケ・サウンドスタイル,,,attraction,34.6459445,135.4936093,0,不明,,,,,,,
5283017823,node,Osaka,パチンコ・パチスロ 萩ノ茶屋会館,パチンコ・パチスロ 萩ノ茶屋会館,,Haginochaya Kaikan,attraction,34.6455488,135.4985032,0,不明,,,,,,,
5283017827,node,Osaka,ニュー桃太郎,ニュー桃太郎,,,attraction,34.6458441,135.4982086,0,不明,,,,,,,
5289805728,node,Osaka,大阪現代画廊,大阪現代画廊,,,gallery,34.6965588,135.5052397,0,不明,,,,,,,
5289805729,node,Osaka,現代クラフトギャラリー,現代クラフトギャラリー,,,gallery,34.6965731,135.5051961,0,不明,,,,,,,
5300316851,node,Osaka,glögg,glögg,,,gallery,34.6524656,135.4314293,0,不明,,,,,,,
5334662051,node,Osaka,花と緑と自然の情報センター,花と緑と自然の情報センター,,,museum,34.610378,135.5215686,0,不明,,,,,,,
5372112129,node,Osaka,旧鴻池本店,旧鴻池本店,,,viewpoint,34.688732,135.4545312,0,不明,,,,,,,
5375093924,node,Osaka,The Three Konohana,The Three Konohana,,,gallery,34.6847402,135.4596414,0,不明,,,,,,,
5375093928,node,Osaka,梅香堂,梅香堂,,Baikado,museum,34.6838637,135.4622542,0,不明,,,,,,,http://baikado.org
5375095621,node,Osaka,初代大坂船奉行所跡,初代大坂船奉行所跡,,,viewpoint,34.6839663,135.4623266,0,不明,,,,,,,
5377512232,node,Osaka,大阪鉄工所跡,大阪鉄工所跡,,,viewpoint,34.6775566,135.4587888,0,不明,,,,,,,
5377531430,node,Osaka,八州軒の跡,八州軒の跡,,,viewpoint,34.6791369,135.4571772,0,不明,,,,,,,
5382471641,node,Osaka,グレイス千船,グレイス千船,,,attraction,34.7124177,135.4445544,0,不明,,,,,,,
5423929861,node,Osaka,ハンギング・シャーク,ハンギング・シャーク,,JAWS' Hanging Shark,attraction,34.6660268,135.4318939,0,不明,,,,,,,
5425719322,node,Osaka,麻雀プレイメイト,麻雀プレイメイト,,,attraction,34.750245,135.5339592,0,不明,,,,,,,
5428381537,node,Osaka,カラオケバー Nana,カラオケバー Nana,,,attraction,34.7475192,135.5361189,0,不明,,,,,,,
5428429531,node,Osaka,マイウェイ（ビリヤード）,マイウェイ（ビリヤード）,,,attraction,34.747786,135.5378443,0,不明,,,,,,,
5453440825,node,Osaka,Fiore 古川橋,Fiore 古川橋,,,attraction,34.7395487,135.5922172,0,不明,,,,,,,
5455501821,node,Osaka,パチンコ パークファイブ,パチンコ パークファイブ,,Pachinko Park 5,attraction,34.6169993,135.5323781,0,不明,,,,,,,
5456098728,node,Osaka,パチンコ 大阪ホール 駒川店,パチンコ 大阪ホール 駒川店,,,attraction,34.6212573,135.531403,0,不明,,,,,,,
5456099027,node,Osaka,123 駒川店,123 駒川店,,,attraction,34.6212717,135.5303631,0,不明,,,,,,,
5458525333,node,Osaka,丸山ダンス 針中野教室,丸山ダンス 針中野教室,,,attraction,34.6148374,135.5331662,0,不明,,,,,,,
5458547622,node,Osaka,クラブ温泉（麻雀）,クラブ温泉（麻雀）,,,attraction,34.6162237,135.5310967,0,不明,,,,,,,
5494243622,node,Osaka,Kohama shotengai,,,Kohama shotengai,attraction,34.616687,135.4909071,0,不明,,,,,,,
5500179225,node,Osaka,アトリエ三月,アトリエ三月,,,gallery,34.7091552,135.5036156,0,不明,,,,,,,
5504144422,node,Osaka,画廊ル・パルク,画廊ル・パルク,,Gallery Le Parc,gallery,34.776892,135.5062051,0,不明,,,,,,,https://leparc.co.jp/gallery
5519624547,node,Osaka,HOS ボウリングスペースhit,HOS ボウリングスペースhit,,,attraction,34.6645994,135.5886772,0,不明,,,,,,,
5553522805,node,Osaka,MEZI SPACE,MEZI SPACE,,,gallery,34.6873271,135.4870265,0,不明,,,,,,,
5553692822,node,Osaka,ギャラリーMoi,ギャラリーMoi,,,gallery,34.6331174,135.5165545,0,不明,,,,,,,
5553713421,node,Osaka,gallery So-Ra,gallery So-Ra,,,gallery,34.6287846,135.5116528,0,不明,,,,,,,
5558088539,node,Osaka,bathhouse,,,bathhouse,attraction,34.6454819,135.492188,0,不明,,,,,,,
5568199021,node,Osaka,10W Gallery,10W Gallery,,,gallery,34.687496,135.507955,0,不明,,,,,,,
5568286522,node,Osaka,芝田町画廊,芝田町画廊,,,gallery,34.7076423,135.4963415,0,不明,,,,,,,
5580146921,node,Osaka,ギャラリーびー玉,ギャラリーびー玉,,BI-DAMAS,gallery,34.6987131,135.5129565,0,不明,,,,,,,
5585702821,node,Osaka,Nano Gallery,Nano Gallery,,,gallery,34.6504606,135.5133495,0,不明,,,,,,,
5587134721,node,Osaka,ai gallery,ai gallery,,,gallery,34.6769825,135.5035573,0,不明,,,,,,,
5593789121,node,Osaka,ぎゃらりぃ あと,ぎゃらりぃ あと,,,gallery,34.7080819,135.5080591,0,不明,,,,,,,
5599543524,node,Osaka,風雅,風雅,,,gallery,34.6744256,135.5191382,0,不明,,,,,,,
5619249821,node,Osaka,乙画廊,乙画廊,,,gallery,34.6959859,135.5023481,0,不明,,,,,,,
5623231922,node,Osaka,道,道,,,gallery,34.6867694,135.4949861,0,不明,,,,,,,
5680538929,node,Osaka,ondo,ondo,,,gallery,34.6903739,135.4931764,0,不明,,,,,,,
5724839951,node,Osaka,アサヒビール ミュージアム,アサヒビール ミュージアム,,Asahi Beer Museum,attraction,34.7629385,135.5195643,0,不明,,,,,,,https://www.asahibeer.co.jp/brewery/suita/
5765552254,node,Osaka,ESPACE 446,ESPACE 446,,,gallery,34.6830637,135.49887,0,不明,,,,,,,
5779150153,node,Osaka,なんばパークス Namba Parks,なんばパークス Namba Parks,,Namba Parks,attraction,34.6613591,135.5019768,0,不明,,,,,,,
5798712092,node,Osaka,モノコト,モノコト,,,gallery,34.7078219,135.5043887,0,不明,,,,,,,
5855833687,node,Osaka,ränbu,ränbu,,,gallery,34.7037868,135.4898899,0,不明,,,,,,,
5875318369,node,Osaka,新聞屋さん博物館,新聞屋さん博物館,,,museum,34.6236135,135.5552012,0,不明,,,,,Q11503970,ja:新聞屋さん博物館,
5905547485,node,Osaka,GALLERY ZERO,GALLERY ZERO,,,gallery,34.6872194,135.4934211,0,不明,,,,,,,
5928190893,node,Osaka,ニュー大池会館,ニュー大池会館,,,attraction,34.6984304,135.5983764,0,不明,,,,,,,
5928190913,node,Osaka,勿入渕跡,勿入渕跡,,,viewpoint,34.7013903,135.598198,0,不明,,,,,,,
5948011695,node,Osaka,モーリーファンタジー,モーリーファンタジー,,,attraction,34.7483971,135.5805056,0,不明,,,,,,,
5948027295,node,Osaka,九條殿御別殿御役所 顕如上人御旧跡,九條殿御別殿御役所 顕如上人御旧跡,,,viewpoint,34.7536662,135.5780935,0,不明,,,,,,,
6048284007,node,Osaka,パチンコ&スロット 大阪ホール 門真店,パチンコ&スロット 大阪ホール 門真店,,,attraction,34.7371241,135.5829762,0,不明,,,,,,,
6048284107,node,Osaka,門真市立歴史資料館,門真市立歴史資料館,,,museum,34.7374402,135.587986,0,不明,,,,,,,
6048284398,node,Osaka,パチンコ&スロット 大映会館,パチンコ&スロット 大映会館,,,attraction,34.737628,135.5909628,0,不明,,,,,,,
6095248613,node,Osaka,柏原船使い場,柏原船使い場,,,viewpoint,34.6077767,135.589327,0,不明,,,,,,,
6101478611,node,Osaka,真田幸村 休憩所跡,真田幸村 休憩所跡,,,viewpoint,34.6014615,135.5700698,0,不明,,,,,,,
6224428532,node,Osaka,佃漁民ゆかりの地,佃漁民ゆかりの地,,,viewpoint,34.7186485,135.4485085,0,不明,,,,佃は、東京佃島の本家にあたり、東京佃島の住吉神社は、当区の田蓑神社の分社でもある,,,http://www.city.osaka.lg.jp/nishiyodogawa/page/0000001002.html#5
6249557546,node,Osaka,SUNABA GALLERY,SUNABA GALLERY,,,gallery,34.7070332,135.5049272,0,不明,,,,,,,
6255536098,node,Osaka,ミニオン・ハチャメチャ・アイス,ミニオン・ハチャメチャ・アイス,,,attraction,34.6633404,135.4326484,0,不明,,,,,Q97342259,ja:ミニオン・ハチャメチャ・アイス,
6267394163,node,Osaka,solaris,solaris,,,gallery,34.6769459,135.5032045,0,不明,,,,,,,
6298257511,node,Osaka,CENTENNIAL,CENTENNIAL,,,gallery,34.6860283,135.5158721,0,不明,,,,,,,
6298257512,node,Osaka,The 14th. MOON,The 14th. MOON,,,gallery,34.6860585,135.5159178,0,不明,,,,,,,
6328603336,node,Osaka,KONOHANA,KONOHANA,,,gallery,34.6611707,135.5330374,0,不明,,,,,,,
6334869186,node,Osaka,Gallery Kaze,,,Gallery Kaze,museum,34.6922436,135.5041317,0,不明,,,,,,,
6351754136,node,Osaka,igu_m_art,igu_m_art,,,gallery,34.6969877,135.5052031,0,不明,,,,,,,
6364185496,node,Osaka,聖天坂,聖天坂,,,viewpoint,34.6327024,135.5007281,0,不明,,,,,,,
6364194186,node,Osaka,聖天山古墳,聖天山古墳,,,viewpoint,34.6360829,135.5032825,0,不明,,,,,,,
6387151359,node,Osaka,千里ニュータウン情報館,千里ニュータウン情報館,,,museum,34.7929708,135.5082893,0,不明,,,,,,,
6398052885,node,Osaka,GEO 喜連東店,GEO 喜連東店,,,attraction,34.6096369,135.558725,0,不明,,,,,,,
6512968762,node,Osaka,原田しろあと館,原田しろあと館,,,museum,34.7731486,135.4630406,0,不明,,,,,,,
6516105286,node,Osaka,天空の農園,天空の農園,,Tenku-no-noen Farm,viewpoint,34.7034681,135.4964427,0,不明,,,,,,,
6549263033,node,Osaka,田辺三菱製薬史料館,田辺三菱製薬史料館,,,museum,34.6883784,135.5032706,0,不明,,,,,,,
6549326466,node,Osaka,くすりの道修町資料館,くすりの道修町資料館,,,museum,34.6886356,135.5059954,0,不明,,,,,Q17214457,ja:くすりの道修町資料館,
6549393739,node,Osaka,武田科学振興財団杏雨書屋,武田科学振興財団杏雨書屋,,,museum,34.688393,135.504779,0,不明,,,,,,,
6818876220,node,Osaka,スペース○○,スペース○○,,space marumaru,gallery,34.7365978,135.4004187,20,未対応,limited,,,,,,
6918408431,node,Osaka,オソブランコ,オソブランコ,,,gallery,34.6688181,135.4944163,0,不明,,,,,,,
7045931690,node,Osaka,旧新歌舞伎座,旧新歌舞伎座,,Shin Kabukiza site,attraction,34.6658658,135.500095,0,不明,,,,,,,
7151168589,node,Osaka,夜行性動物舎,夜行性動物舎,,,attraction,34.6503662,135.5091745,0,不明,,,,,,,
7153734918,node,Osaka,ヤギ,ヤギ,,,attraction,34.6511302,135.5091275,0,不明,,,,,,,
7259838585,node,Osaka,Nakazakicho Street,,,Nakazakicho Street,attraction,34.7078053,135.504493,0,不明,,,,,,,
7331102443,node,Osaka,高島屋史料館,高島屋史料館,,,museum,34.6627304,135.5065257,0,不明,,,,,,,
7573379495,node,Osaka,松栄堂,松栄堂,,,attraction,34.6829159,135.5009368,0,不明,,,,,,,
7629301812,node,Osaka,大阪コリアタウン,大阪コリアタウン,,Osaka Korea Town,attraction,34.6605981,135.537049,0,不明,,,,,Q11261321,en:Ikuno Korea Town,http://ikuno-koreatown.com
8104113579,node,Osaka,空白,空白,,,gallery,34.7121446,135.4928458,0,不明,,,,,,,
8250113339,node,Osaka,大阪人権博物館,大阪人権博物館,,Osaka Human Rights Museum,museum,34.6737875,135.4637888,0,不明,,,,,Q6541903,ja:大阪人権博物館,https://www.liberty.or.jp/
8479087693,node,Osaka,流町1,流町1,,Nagaremachi-1,viewpoint,34.6092026,135.5491851,0,不明,,,,,,,
8543389287,node,Osaka,とりかえせゴールデンキノコ！クッパJr. ファイナルバトル,とりかえせゴールデンキノコ！クッパJr. ファイナルバトル,,Bowser Jr. Shadow Showdown,attraction,34.6679445,135.4298012,0,不明,,,,,,,
8543389288,node,Osaka,マリオカート ～クッパの挑戦状～,マリオカート ～クッパの挑戦状～,,Mario Kart: Koopa's Challenge,attraction,34.6680515,135.4298696,0,不明,,,,,Q104125924,ja:マリオカート 〜クッパの挑戦状〜,
8543389289,node,Osaka,ヨッシー・アドベンチャー,ヨッシー・アドベンチャー,,Yoshi's Adventure,attraction,34.6679974,135.4302572,0,不明,,,,,,,
8588767303,node,Osaka,gallery B.B,gallery B.B,,,gallery,34.7100466,135.4958948,0,不明,,,,,,,
8771189944,node,Osaka,流町1,流町1,,Nagaremachi-1,viewpoint,34.6092976,135.5491824,0,不明,,,,,,,
8912760417,node,Osaka,鴫野西之町地車庫,鴫野西之町地車庫,,,viewpoint,34.6945261,135.5455626,0,不明,,,,,,,
9142429539,node,Osaka,尾浜履物博物館,尾浜履物博物館,,,museum,34.7378294,135.4207688,20,未対応,limited,,,,,,
9314748617,node,Osaka,かにや　ゆる里,かにや　ゆる里,,,attraction,34.7411267,135.5462963,0,不明,,,,,,,
9342756038,node,Osaka,フジカワ画廊,フジカワ画廊,,,gallery,34.6858218,135.5067276,0,不明,,,,,,,https://www.fujikawa-galleries.com/home.html
9342756041,node,Osaka,富士フイルムフォトサロン大阪,富士フイルムフォトサロン大阪,,,gallery,34.6840413,135.5042338,0,不明,,,,,,,
9473994121,node,Osaka,毛馬閘門,毛馬閘門,,,attraction,34.7211475,135.5170669,0,不明,,,,,,,
9704704688,node,Osaka,海月文庫アートスペース,海月文庫アートスペース,,,gallery,34.7265771,135.4930465,0,不明,,,,,,,https://www.kuragebunko.com/
9792348498,node,Osaka,ブルームギャラリー,ブルームギャラリー,,,gallery,34.7155393,135.4811349,0,不明,,,,,,,https://linktr.ee/bloom_gallery
9836021665,node,Osaka,阪急BIGMAN,阪急BIGMAN,,,attraction,34.7049058,135.4986984,0,不明,,,,,,,
10123924015,node,Osaka,太閤下水見学施設,太閤下水見学施設,,,attraction,34.6801037,135.5144665,0,不明,,,,,,,
10125522840,node,Osaka,海洋堂ホビーランド,海洋堂ホビーランド,,,museum,34.7378831,135.5843232,0,不明,,,,,,,
10274794150,node,Osaka,千林の長屋(大阪市指定景観資源),千林の長屋(大阪市指定景観資源),,,attraction,34.7252247,135.5539619,0,不明,,,,,,,
10613213298,node,Osaka,大阪浮世絵美術館,大阪浮世絵美術館,,Osaka Ukiyoe Museum,gallery,34.6710329,135.5016965,0,不明,,,,,,,
10839062005,node,Osaka,Viewpoint of Sky Tower,,,Viewpoint of Sky Tower,viewpoint,34.7044328,135.4905545,0,不明,,,,,,,
10846261105,node,Osaka,Amerikamura,,,Amerikamura,attraction,34.6719424,135.498152,0,不明,,,,,,,
10857445433,node,Osaka,Akiba Kart Osaka,Akiba Kart Osaka,,,attraction,34.6611047,135.5070825,0,不明,,,,,,,https://osakakart.com/en/
11113128920,node,Osaka,吹田発展伝承室,吹田発展伝承室,,,museum,34.7569023,135.5276227,0,不明,,,,,,,
11169001674,node,Osaka,住まいのミュージアム,住まいのミュージアム,,Osaka Museum of Housing and Living,museum,34.7105394,135.5115093,0,不明,,,,,,,https://www.osaka-angenet.jp/konjyakukan/
11223679537,node,Osaka,Ikutama shrine,,,Ikutama shrine,attraction,34.665303,135.5126698,0,不明,,,,,,,
11434459166,node,Osaka,大阪コリアタウン歴史資料館,大阪コリアタウン歴史資料館,大阪コリアタウン歴史資料館,Osaka Korea Town Museum,museum,34.6611269,135.5377022,0,不明,,,,,,,https://oktmuseum.or.jp/
11445885085,node,Osaka,Ford Anglia,,,Ford Anglia,attraction,34.6672416,135.4314937,0,不明,,,,,,,
12270061636,node,Osaka,アートコートギャラリー,アートコートギャラリー,,,gallery,34.6990843,135.5209862,0,不明,,,,,,,https://www.artcourtgallery.com/
12366983201,node,Osaka,Namba Parks Light Waterfall,Namba Parks Light Waterfall,,,attraction,34.6606235,135.5018839,0,不明,,,,,,,
12367047748,node,Osaka,ギャラリー GODA,ギャラリー GODA,,,gallery,34.7223032,135.4835716,0,不明,,,,,,,
12417642864,node,Osaka,ドンキーコング・カントリー,ドンキーコング・カントリー,ドンキーコング・カントリー,Donkey Kong Country,attraction,34.6687448,135.4306421,0,不明,,,,,,,
12744560601,node,Osaka,Kosaka Castle,,,Kosaka Castle,attraction,34.6629017,135.5819882,0,不明,,,,,,,
12781301802,node,Osaka,ワケ橋,ワケ橋,,Wake Bridge,attraction,34.6511463,135.5116039,0,不明,,,,,,,
12782416201,node,Osaka,絹谷幸二 天空美術館,絹谷幸二 天空美術館,,Koji Kinutani Tenku Art Museum,museum,34.7052685,135.4896361,0,不明,,,,,,,https://www.kinutani-tenku.jp/
12785104001,node,Osaka,グラウンディングツリー,グラウンディングツリー,,Grounding Tree,viewpoint,34.6134272,135.5248659,0,不明,,,,,,,
12803953854,node,Osaka,みどりのみゅーじあむ,みどりのみゅーじあむ,,,museum,34.7494006,135.4237262,55,対応済,yes,,yes,,,,
12864802916,node,Osaka,指物博物館,指物博物館,,,museum,34.7791404,135.5387419,0,不明,,,,,,,
12959343543,node,Osaka,かたな博物館,かたな博物館,,,museum,34.6251268,135.5544412,0,不明,,,,,,,
12960353854,node,Osaka,へっついさん博物館,へっついさん博物館,,,museum,34.6243588,135.5561184,0,不明,,,,,,,
12960353855,node,Osaka,おもろいライター博物館,おもろいライター博物館,,,museum,34.6243593,135.5561084,0,不明,,,,,,,
12960379667,node,Osaka,平野郷猫会議事堂（にゃんこどう）,平野郷猫会議事堂（にゃんこどう）,,,museum,34.6231207,135.5582024,0,不明,,,,,,,
12960461106,node,Osaka,綿とくらし博物館,綿とくらし博物館,,,museum,34.6225305,135.5572384,0,不明,,,,,,,
13073042901,node,Osaka,Tezukayama Gallery,,,Tezukayama Gallery,gallery,34.6710325,135.4942631,0,不明,,,,,,,https://www.tezukayama-g.com/
13091383665,node,Osaka,ふねしる,ふねしる,,,museum,34.6379334,135.4117251,0,不明,,,,,,,
94199525,way,Osaka,水道記念館,水道記念館,,,museum,,,0,不明,,,,,Q11549303,ja:水道記念館 (大阪市),
137527128,way,Osaka,大阪科学技術館,大阪科学技術館,,Osaka Museum of Science and Technology,museum,,,0,不明,,,,,Q11441568,ja:大阪科学技術館,
162382612,way,Osaka,大阪市立東洋陶磁美術館,大阪市立東洋陶磁美術館,,Museum of Oriental Ceramics,museum,,,40,部分対応,yes,,,,Q11440555,"en:Museum of Oriental Ceramics, Osaka",https://www.moco.or.jp/
173693696,way,Osaka,大阪市立美術館,大阪市立美術館,,Osaka Municipal Museum of Art,museum,,,0,不明,,,,,Q9004920,ja:大阪市立美術館,
174740756,way,Osaka,大阪松竹座,大阪松竹座,大阪松竹座,Osaka Shochiku‑za,attraction,,,0,不明,,,,,Q11441482,ja:大阪松竹座,https://www.shochiku.co.jp/play/shochikuza/
176321459,way,Osaka,咲くやこの花館,咲くやこの花館,,,museum,,,0,不明,,,,,Q7403230,ja:咲くやこの花館,
215383709,way,Osaka,津波・高潮ステーション,津波・高潮ステーション,津波・高潮ステーション,Tsunami / Storm Surge Disaster Prevention Station,museum,,,0,不明,,,,,,,
219782486,way,Osaka,アイファー（爬虫類生態館）,アイファー（爬虫類生態館）,,,attraction,,,0,不明,,,,,,,
219784587,way,Osaka,サル・ヒヒ舎,サル・ヒヒ舎,,Monkeys,attraction,,,0,不明,,,,,,,
219784591,way,Osaka,チンパンジー舎,チンパンジー舎,,Chimpanzees,attraction,,,0,不明,,,,,,,
219784603,way,Osaka,アシカ池,アシカ池,,,attraction,,,0,不明,,,,,,,
219830343,way,Osaka,鳥の楽園,鳥の楽園,,Flight Aviary,attraction,,,0,不明,,,,,,,
219831216,way,Osaka,コアラ館,コアラ館,,Koala House,attraction,,,0,不明,,,,,,,
219848389,way,Osaka,サイ舎,サイ舎,,,attraction,,,0,不明,,,,,,,
219848390,way,Osaka,カバ舎,カバ舎,,Hippos,attraction,,,0,不明,,,,,,,
219863376,way,Osaka,レッサーパンダ舎,レッサーパンダ舎,,,attraction,,,0,不明,,,,,,,
219863654,way,Osaka,オオカミ舎,オオカミ舎,,,attraction,,,0,不明,,,,,,,
219863658,way,Osaka,小型動物舎,小型動物舎,,,attraction,,,0,不明,,,,,,,
219863674,way,Osaka,ジャガー舎,ジャガー舎,,Panthers,attraction,,,0,不明,,,,,,,
219904199,way,Osaka,戎橋筋商店街,戎橋筋商店街,戎橋筋商店街,Ebisubashi-suji Shopping Street,attraction,,,0,不明,,,,,,,
220482066,way,Osaka,日本工芸館,日本工芸館,,,museum,,,0,不明,,,,,Q11508057,ja:日本工芸館,
222477958,way,Osaka,水掛不動尊,水掛不動尊,,Mizukake Fudo,attraction,,,0,不明,,,,,,,
222632003,way,Osaka,法善寺,法善寺,,Hozenji Temple,attraction,,,0,不明,,,,,,,
222632015,way,Osaka,上方浮世絵館,上方浮世絵館,上方浮世絵館,Kamigata Ukiyo-e Museum,museum,,,0,不明,,,,,,,http://www.kamigata.jp/
231449111,way,Osaka,大阪市立科学館,大阪市立科学館,,Osaka Science Museum,museum,,,40,部分対応,yes,,,,Q875709,en:Osaka Science Museum,https://www.sci-museum.jp/
231449189,way,Osaka,国立国際美術館,国立国際美術館,,"The National Museum of Art, Osaka",museum,,,40,部分対応,yes,,,,Q1055037,"en:National Museum of Art, Osaka",https://www.nmao.go.jp/index.html
244504865,way,Osaka,難波・玉造資料館,難波・玉造資料館,,,museum,,,0,不明,,,,,,,
245386620,way,Osaka,そら,そら,,,gallery,,,0,不明,,,,,,,
246432310,way,Osaka,山王美術館,山王美術館,,,gallery,,,0,不明,,,,,,,
254319878,way,Osaka,通天閣,通天閣,,Tsūtenkaku,viewpoint,,,40,部分対応,yes,,,営業時間：9:00-21:00（年中無休） 設計： 内藤多仲 建設： 1943年,Q1148463,ja:通天閣,
266764648,way,Osaka,スキュルチュール江坂,スキュルチュール江坂,,,museum,,,0,不明,,,,,,,https://www.amenity-esaka.com/sculpture
267341529,way,Osaka,戎橋,戎橋,,Ebisu Bridge,attraction,,,0,不明,,,,,Q11495351,ja:戎橋,
268098880,way,Osaka,源ケ橋温泉(廃業),源ケ橋温泉(廃業),,sento,attraction,,,0,不明,,,,国登録有形文化財,,,
268107126,way,Osaka,旧植田家住宅,旧植田家住宅,,,museum,,,0,不明,,,,,,,
269189010,way,Osaka,近松記念館,近松記念館,,,museum,,,0,不明,,,,,,,
286703595,way,Osaka,江崎記念館（企業ミュージアム）,江崎記念館（企業ミュージアム）,,,attraction,,,0,不明,,,,Glicoの資料館,Q117794301,ja:江崎記念館,https://www.glico.com/jp/enjoy/experience/ezakikinenkan/
303446421,way,Osaka,水上バス 乗り場,水上バス 乗り場,水上バス 乗り場,Aqua-liner Pier,attraction,,,15,未対応,,,yes,,,,https://suijo-bus.osaka/
304926388,way,Osaka,ツル舎,ツル舎,,,attraction,,,0,不明,,,,,,,
304926390,way,Osaka,コウノトリ舎,コウノトリ舎,,,attraction,,,0,不明,,,,,,,
332292139,way,Osaka,HEP FIVE観覧車,HEP FIVE観覧車,,HEP FIVE Ferris Wheel,attraction,,,0,不明,,,,,,,
337827533,way,Osaka,D51,D51,,,attraction,,,20,未対応,limited,,,,,,
343837388,way,Osaka,大阪中之島美術館,大阪中之島美術館,大阪中之島美術館,"Nakanoshima Museum of Art, Osaka",museum,,,0,不明,,,,,Q50375431,ja:大阪中之島美術館,https://nakka-art.jp/
343902396,way,Osaka,ものづくりイズム館,ものづくりイズム館,,,museum,,,0,不明,,,,,,,
355203614,way,Osaka,尼信記念館,尼信記念館,,,museum,,,40,部分対応,yes,,,,Q11464905,ja:尼信博物館,
355203616,way,Osaka,尼信会館,尼信会館,尼信会館,the Amagasaki Shinkin Bank Hall,museum,,,0,不明,,,,,,,https://www.amashin.co.jp/kaikan/index_fr.html
368344953,way,Osaka,展望デッキ (北ターミナル),展望デッキ (北ターミナル),展望デッキ (北ターミナル),Observation Deck (North Terminal),viewpoint,,,0,不明,,,,,,,https://www.osaka-airport.co.jp/shop-and-dine/lasora/view.html
382746499,way,Osaka,天保山大観覧車,天保山大観覧車,,Tempozan Ferris Wheel,attraction,,,0,不明,,,,,Q548263,en:Tempozan Ferris Wheel,
385792446,way,Osaka,ユニチカ記念館,ユニチカ記念館,,Unitika Memorial Hall,museum,,,0,不明,,,,,,,https://www.city.amagasaki.hyogo.jp/bunkazai/siseki/unitika/unitika.html
392332808,way,Osaka,阪神71形 74号,阪神71形 74号,,,attraction,,,0,不明,,,,,,,
410957183,way,Osaka,心斎橋筋商店街,心斎橋筋商店街,心斎橋筋商店街,Shinsaibashisuji Shopping Street,attraction,,,0,不明,,,,,,,https://www.shinsaibashi.or.jp/
438189049,way,Osaka,道頓堀橋,道頓堀橋,,Dotonbori Bridge,attraction,,,0,不明,,,,,Q85884017,ja:道頓堀橋,
462894544,way,Osaka,大阪市立自然史博物館,大阪市立自然史博物館,,,museum,,,40,部分対応,yes,,,,Q11440688,en:Osaka Museum of Natural History,
472040223,way,Osaka,吹田市立博物館,吹田市立博物館,,,museum,,,55,対応済,yes,,yes,,Q11416534,ja:吹田市立博物館,https://www.suita.ed.jp/hak/
501177331,way,Osaka,ダスキンミュージアム,ダスキンミュージアム,,,museum,,,0,不明,,,,,Q118934839,,https://www.duskin-museum.jp/
512474174,way,Osaka,豊臣石垣館,豊臣石垣館,豊臣石垣館,Toyotomi Stone Wall Museum,museum,,,0,不明,,,,,,,
512713298,way,Osaka,ピースおおさか 大阪国際平和センター,ピースおおさか 大阪国際平和センター,ピースおおさか 大阪国際平和センター,Osaka International Peace Center,museum,,,0,不明,,,,,Q7105564,en:Osaka International Peace Center,
541582128,way,Osaka,HANKYU BRICK MUSEUM,HANKYU BRICK MUSEUM,,HANKYU BRICK MUSEUM,museum,,,0,不明,,,,,,,
570094063,way,Osaka,海岸通ギャラリー・CASO,海岸通ギャラリー・CASO,,,gallery,,,0,不明,,,,,,,
577399360,way,Osaka,ギャラリーマルイ,ギャラリーマルイ,,,gallery,,,0,不明,,,,,,,
579430112,way,Osaka,天王寺動物園,天王寺動物園,天王寺動物園,Tennoji Zoo,zoo,,,20,未対応,limited,,,,Q1054648,ja:天王寺動物園,https://www.tennojizoo.jp/
587157878,way,Osaka,大阪文化館・天保山,大阪文化館・天保山,大阪文化館・天保山,Osaka Culturarium at Tempozan,museum,,,0,不明,,,,,Q11249107,ja:大阪文化館・天保山,
590614262,way,Osaka,ハグミュージアム,ハグミュージアム,,,museum,,,0,不明,,,,,,,
610362551,way,Osaka,OAP港,OAP港,OAP港,OAP Pier,attraction,,,0,不明,,,,,,,
671074996,way,Osaka,Atelier Little,Atelier Little,,,gallery,,,0,不明,,,,,,,
685673178,way,Osaka,松下幸之助歴史館,松下幸之助歴史館,,,museum,,,0,不明,,,,,Q11329151,ja:パナソニックミュージアム 松下幸之助歴史館,https://holdings.panasonic/jp/corporate/about/history/panasonic-museum.html
759953681,way,Osaka,伊丹市立こども文化科学館,伊丹市立こども文化科学館,,,museum,,,40,部分対応,yes,,,,Q116432719,ja:伊丹市立こども文化科学館,
778503644,way,Osaka,日本民家集落博物館,日本民家集落博物館,,Open-Air Museum Of Old Japanese Farm Houses,museum,,,0,不明,,,,,Q11508426,ja:日本民家集落博物館,
947112669,way,Osaka,藤田美術館,藤田美術館,藤田美術館,Fujita Art Museum,museum,,,0,不明,,,,,Q3329563,ja:藤田美術館,
963826213,way,Osaka,マルハン,マルハン,,,attraction,,,0,不明,,,,,,,
1109911623,way,Osaka,展望デッキ (南ターミナル),展望デッキ (南ターミナル),展望デッキ (南ターミナル),Observation Deck (South Terminal),viewpoint,,,0,不明,,,,,,,https://www.osaka-airport.co.jp/shop-and-dine/lasora/view.html
1191277060,way,Osaka,頂上展望台,頂上展望台,,,viewpoint,,,0,不明,,,,,,,
1293120131,way,Osaka,飛田新地,飛田新地,,Tobita Shinchi,attraction,,,0,不明,,,,,Q7811711,ja:飛田遊廓,
1293441689,way,Osaka,伊丹市立伊丹ミュージアム,伊丹市立伊丹ミュージアム,,"Itami City Museum of Art, History and Culture",museum,,,40,部分対応,yes,,,,Q11378773,ja:市立伊丹ミュージアム,https://itami-im.jp/
1293441692,way,Osaka,旧岡田家住宅・酒蔵,旧岡田家住宅・酒蔵,,,museum,,,20,未対応,limited,,,,Q11511041,ja:旧岡田家住宅,
1310001003,way,Osaka,長居植物園,長居植物園,,,theme_park,,,0,不明,,,,,,,
1354154264,way,Osaka,e METRO MOBILITY TOWN,e METRO MOBILITY TOWN,,,theme_park,,,0,不明,,,,,,,
5695002,way,Osaka,ユニバーサル・スタジオ・ジャパン,ユニバーサル・スタジオ・ジャパン,ユニバーサル・スタジオ・ジャパン,Universal Studios Japan,theme_park,,,0,不明,,,,,Q1375103,ja:ユニバーサル・スタジオ・ジャパン,
6994284,way,Osaka,海遊館,海遊館,海遊館,Osaka Aquarium Kaiyukan,aquarium,,,40,部分対応,yes,,,"Adult: 2,300 yen Child: 1,200 yen Young Child: 600 yen",Q1191885,ja:海遊館,
286748044,node,Nagoya,徳川園,徳川園,,,viewpoint,35.1841482,136.9323578,40,部分対応,yes,,,,,,
873822477,node,Nagoya,小牧市歴史館,小牧市歴史館,,Komaki City Historical Museum,museum,35.2925017,136.9134245,0,不明,,,,,,,
1423947027,node,Nagoya,ガスエネルギー館,ガスエネルギー館,,,museum,35.06222,136.897283,0,不明,,,,,Q11295940,ja:ガスエネルギー館,
1423947317,node,Nagoya,一宮市博物館,一宮市博物館,,,museum,35.2840165,136.8001904,0,不明,,,,,,,
1423948081,node,Nagoya,三菱東京ＵＦＪ銀行貨幣資料館,三菱東京ＵＦＪ銀行貨幣資料館,,,museum,35.168751,136.901304,0,不明,,,,,,,
1423948145,node,Nagoya,下水道科学館,下水道科学館,,METAWATER Sewerage Science Museum Nagoya,museum,35.192116,136.902882,0,不明,,,,,Q11361063,ja:下水道科学館 (名古屋市),
1423948976,node,Nagoya,切支丹遺蹟博物館,切支丹遺蹟博物館,,,museum,35.1535383,136.9012961,0,不明,,,,,Q79866768,,
1423949280,node,Nagoya,南山大学人類学博物館,南山大学人類学博物館,,,museum,35.149844,136.962819,0,不明,,,,,Q11407757,ja:南山大学人類学博物館,
1423950532,node,Nagoya,名古屋市市政資料館,名古屋市市政資料館,,Nagoya City Municipal Archives Museum,museum,35.181226,136.910322,0,不明,,,,,Q1089458,ja:名古屋市市政資料館,
1423950701,node,Nagoya,名古屋市秀吉清正記念館,名古屋市秀吉清正記念館,,,museum,35.1738409,136.853361,0,不明,,,,,,,
1423950759,node,Nagoya,名古屋市蓬左文庫,名古屋市蓬左文庫,,,museum,35.183337,136.932571,0,不明,,,,,,,
1423950782,node,Nagoya,名古屋市農業文化園,名古屋市農業文化園,,,zoo,35.115398,136.8125,0,不明,,,,,Q11415127,ja:名古屋市農業文化園,
1423951030,node,Nagoya,名古屋海洋博物館・南極観測船ふじ,名古屋海洋博物館・南極観測船ふじ,名古屋海洋博物館・南極観測船ふじ,Fuji Antarctic Museum,museum,35.0906642,136.8805282,0,不明,,,,,Q11277051,ja:ふじ (砕氷艦),
1423951336,node,Nagoya,唐九郎記念館（翠松園陶芸記念館）,唐九郎記念館（翠松園陶芸記念館）,,,museum,35.212336,136.98912,0,不明,,,,,,,
1423985718,node,Nagoya,徳川美術館,徳川美術館,,Tokugawa Art Museum,museum,35.1836864,136.9331025,40,部分対応,yes,,,,Q3077236,en:Tokugawa Art Museum,
1423987149,node,Nagoya,春日井市立中央公民館内民俗展示室,春日井市立中央公民館内民俗展示室,,,museum,35.243044,136.957255,0,不明,,,,,,,
1423987178,node,Nagoya,春日井市道風記念館,春日井市道風記念館,,,museum,35.2203836,136.9680823,0,不明,,,,,Q11641867,ja:道風記念館,
1423987216,node,Nagoya,春日町中央公民館郷土資料室,春日町中央公民館郷土資料室,,,museum,35.241406,136.839732,0,不明,,,,,,,
1423988291,node,Nagoya,東海市立平洲記念館・東海市立郷土資料館,東海市立平洲記念館・東海市立郷土資料館,,,museum,35.031476,136.917935,0,不明,,,,,Q11527877,ja:東海市立平洲記念館,
1423989216,node,Nagoya,桑山美術館,桑山美術館,,,museum,35.1483804,136.9536004,0,不明,,,,,Q11537541,en:Kuwayama Art Museum,
1423989362,node,Nagoya,森村記念館,森村記念館,,,museum,35.172383,136.909558,0,不明,,,,,Q11539869,ja:森村記念館,
1423989435,node,Nagoya,楽只美術館,楽只美術館,,,museum,35.1752396,136.9106803,0,不明,,,,,Q11541558,ja:楽只美術館,
1423989763,node,Nagoya,歯の博物館,歯の博物館,,Teeth Museum,museum,35.177264,136.907039,0,不明,,,,,,,
1423991880,node,Nagoya,熱田神宮宝物館,熱田神宮宝物館,,Atsuta Shrine Treasure Hall,museum,35.1249138,136.909453,0,不明,,,,,Q11569116,ja:熱田神宮宝物館,
1423996699,node,Nagoya,舩橋楽器資料館,舩橋楽器資料館,,,museum,35.298782,136.877799,0,不明,,,,,,,
1877383205,node,Nagoya,きりふき山,きりふき山,,,attraction,35.1178933,136.8109592,0,不明,,,,,,,
1936909576,node,Nagoya,純金歴史人物館,純金歴史人物館,,,museum,35.2183816,136.8934344,0,不明,,,,,,,
1970774705,node,Nagoya,基地広報資料館,基地広報資料館,,,museum,35.2500663,136.9319226,0,不明,,,,,,,
2296860670,node,Nagoya,ブラザーコミュニケーションスペース (Brother Communication Space),ブラザーコミュニケーションスペース (Brother Communication Space),,,museum,35.1188975,136.9208745,0,不明,,,,,,,
2397979732,node,Nagoya,ギャラリー彩,ギャラリー彩,,,museum,35.169559,136.9078152,0,不明,,,,,,,
2398916656,node,Nagoya,ART SPACE A-1,ART SPACE A-1,,,museum,35.1628304,136.8970539,0,不明,,,,,,,
2398996780,node,Nagoya,名古屋栄三越 ＜7階＞,名古屋栄三越 ＜7階＞,,,museum,35.1685054,136.9075549,0,不明,,,,,,,
2399101666,node,Nagoya,ギャラリータマミジアム,ギャラリータマミジアム,,,museum,35.1694371,136.9065128,0,不明,,,,,,,
2400054493,node,Nagoya,gallery+cafe blanka,gallery+cafe blanka,,,museum,35.1758603,136.8935898,0,不明,,,,,,,
2400054494,node,Nagoya,ギャラリー蓬庵,ギャラリー蓬庵,,,museum,35.1758289,136.8940909,0,不明,,,,,,,
2400056868,node,Nagoya,旧名古屋銀行本店,旧名古屋銀行本店,,,museum,35.168752,136.901284,0,不明,,,,,,,
2400060590,node,Nagoya,松島画廊,松島画廊,,,museum,35.1727972,136.8902827,0,不明,,,,,,,
2400066605,node,Nagoya,AIN SOPH DISPATCH,AIN SOPH DISPATCH,,,museum,35.1768444,136.887277,0,不明,,,,,,,
2400098888,node,Nagoya,ウエストベスギャラリー　コヅカ,ウエストベスギャラリー　コヅカ,,,museum,35.1693461,136.8905275,0,不明,,,,,,,
2400117369,node,Nagoya,画廊松徳,画廊松徳,,,museum,35.1723758,136.8987496,0,不明,,,,,,,
2400123210,node,Nagoya,STANDING PINE,STANDING PINE,,,museum,35.1714571,136.9012417,0,不明,,,,,,,
2400123211,node,Nagoya,YEBISU ART LABO,YEBISU ART LABO,,,museum,35.1715379,136.9008994,0,不明,,,,,,,
2400127034,node,Nagoya,N-MARK B1,N-MARK B1,,,museum,35.1709154,136.9005199,0,不明,no,,,,,,
2400129643,node,Nagoya,ぎゃらり壷中天・mu-jo,ぎゃらり壷中天・mu-jo,,,museum,35.169968,136.8983921,0,不明,,,,,,,
2400134510,node,Nagoya,夢画廊,夢画廊,,,museum,35.1696403,136.9000073,0,不明,,,,,,,
2400134513,node,Nagoya,長者町画廊,長者町画廊,,,museum,35.1696613,136.900315,0,不明,,,,,,,
2400163927,node,Nagoya,ギャラリー4CATS,ギャラリー4CATS,,,museum,35.1694844,136.9035046,0,不明,,,,,,,
2400176369,node,Nagoya,名古屋芸術大学アートスペース　T.A.G.IZUTO,名古屋芸術大学アートスペース　T.A.G.IZUTO,,,museum,35.171216,136.9045396,40,部分対応,yes,,,,,,
2400188466,node,Nagoya,ガレリア・デ・アルテ,ガレリア・デ・アルテ,,,museum,35.1714147,136.9069999,0,不明,,,,,,,
2400188470,node,Nagoya,夢画廊,夢画廊,,,museum,35.1696426,136.9000472,0,不明,,,,,,,
2400190736,node,Nagoya,名古屋市民ギャラリー栄,名古屋市民ギャラリー栄,,Nagoya Citizens' Gallery Sakae,gallery,35.1687666,136.9102042,0,不明,,,,,Q100348179,,https://www.bunka758.or.jp/scd18_top.html
2400190739,node,Nagoya,栄サンシティーギャラリー,栄サンシティーギャラリー,,Sakae Sun City Gallery,museum,35.168516,136.9102058,0,不明,,,,,,,
2400192708,node,Nagoya,フォトサロン　サン・ルゥ,フォトサロン　サン・ルゥ,,,museum,35.1699594,136.9117455,40,部分対応,yes,,,,,,
2400195873,node,Nagoya,セントラル・アートギャラリー,セントラル・アートギャラリー,,,museum,35.1759688,136.9091268,0,不明,,,,,,,
2400197319,node,Nagoya,ギャラリー名芳洞,ギャラリー名芳洞,,,museum,35.1687334,136.8971053,0,不明,,,,,,,
2400199730,node,Nagoya,アートシップ,アートシップ,,,museum,35.1678538,136.8960033,0,不明,,,,,,,
2400200210,node,Nagoya,ギャラリー A・C・S,ギャラリー A・C・S,,,museum,35.1658926,136.8955558,0,不明,,,,,,,
2400224040,node,Nagoya,名古屋画廊,名古屋画廊,,,museum,35.1660184,136.897437,0,不明,,,,,,,
2400225453,node,Nagoya,さいとう画廊,さいとう画廊,,,museum,35.1678484,136.8983742,0,不明,,,,,,,
2400225454,node,Nagoya,弥栄画廊,弥栄画廊,,,museum,35.1677748,136.8979868,0,不明,,,,,,,
2401049828,node,Nagoya,日動画廊,日動画廊,,,museum,35.1686741,136.900647,0,不明,,,,,,,
2401052024,node,Nagoya,岩勝画廊,岩勝画廊,,,museum,35.1670275,136.9014492,0,不明,,,,,,,
2401055655,node,Nagoya,KENJI TAKI GALLERY,KENJI TAKI GALLERY,,,museum,35.1651364,136.9026806,0,不明,,,,,,,
2401055659,node,Nagoya,ギャラリー聚,ギャラリー聚,,,museum,35.1649589,136.9026432,0,不明,,,,,,,
2401055662,node,Nagoya,ギャラリー顕美子,ギャラリー顕美子,,,museum,35.1651553,136.9026824,0,不明,,,,,,,
2401060464,node,Nagoya,国際デザインセンター,国際デザインセンター,,International Design Center Nagoya,museum,35.1655883,136.9050638,0,不明,,,,,Q6050127,en:International Design Centre Nagoya,
2401065045,node,Nagoya,ギャルリーくさ笛,ギャルリーくさ笛,,,museum,35.1643918,136.9065189,0,不明,,,,,,,
2401065046,node,Nagoya,橋本美術,橋本美術,,,museum,35.1650321,136.9069123,0,不明,,,,,,,
2401065936,node,Nagoya,妙香園画廊,妙香園画廊,,,museum,35.166261,136.9069486,0,不明,,,,,,,
2401067269,node,Nagoya,サロンギャラリー余白,サロンギャラリー余白,,,museum,35.1656329,136.9120645,0,不明,,,,,,,
2401069301,node,Nagoya,GALLERY MOCA,GALLERY MOCA,,,museum,35.1668472,136.9145239,0,不明,,,,,,,
2401069758,node,Nagoya,ギャラリー尋屋,ギャラリー尋屋,,,museum,35.1640779,136.9082523,0,不明,,,,,,,
2401070086,node,Nagoya,ガレリア　フィナルテ,ガレリア　フィナルテ,,,museum,35.15897,136.9096314,0,不明,,,,,,,
4077844981,node,Nagoya,ノリタケミュージアム,ノリタケミュージアム,,Noritake Museum,museum,35.1786445,136.8798837,0,不明,,,,,,,
4079296324,node,Nagoya,ノリタケの森　ギャラリー,ノリタケの森　ギャラリー,,Noritake Gallery,museum,35.178403,136.8813799,0,不明,,,,,,,
4315663702,node,Nagoya,揚輝荘,揚輝荘,,,viewpoint,35.1706509,136.9557387,0,不明,,,,,,,
4485306897,node,Nagoya,Atsuta Jingu,,,Atsuta Jingu,attraction,35.1253921,136.9089619,0,不明,,,,,,,
4872715799,node,Nagoya,展望台,展望台,,,viewpoint,35.0653145,136.9552978,0,不明,,,,,,,
4922289890,node,Nagoya,オブザベーション・タワー,オブザベーション・タワー,,Observation Tower,attraction,35.0503982,136.8445917,0,不明,,,,,,,
4922289891,node,Nagoya,ミニランド,ミニランド,,Miniland,attraction,35.0505894,136.8440949,0,不明,,,,,,,
4922289895,node,Nagoya,レスキュー・アカデミー,レスキュー・アカデミー,,Rescue Academy,attraction,35.0502918,136.841974,0,不明,,,,,,,
4922289897,node,Nagoya,ザ・ドラゴン,ザ・ドラゴン,,The Dragon,attraction,35.0500492,136.842842,0,不明,,,,,,,
4922289898,node,Nagoya,ビルド・アンド・テスト,ビルド・アンド・テスト,,Build+Test,attraction,35.0508664,136.8451153,0,不明,,,,,,,
4922289899,node,Nagoya,レゴニンジャゴー・ライブ,レゴニンジャゴー・ライブ,,Ninjago,attraction,35.0512931,136.8448004,0,不明,,,,,,,
5038235886,node,Nagoya,印章歴史館,印章歴史館,,,museum,35.1518357,136.8983939,0,不明,,,,,Q21652519,ja:印章歴史館,
5151476825,node,Nagoya,Spazio Rita,Spazio Rita,,,attraction,35.1624007,136.9110756,0,不明,,,,,,,https://spazio-rita.com/
5212664518,node,Nagoya,大須,大須,,Osu Shopping Street,attraction,35.1593589,136.901099,0,不明,,,,,Q8081716,en:Ōsu,
5296408386,node,Nagoya,ヤマザキマザック美術館,ヤマザキマザック美術館,,Yamazaki Mazak Museum,museum,35.1710573,136.9198961,40,部分対応,yes,,,,Q11345132,ja:ヤマザキマザック美術館,https://www.mazak-art.com/english/
5297266496,node,Nagoya,三菱UFJ銀行貨幣資料館,三菱UFJ銀行貨幣資料館,,Mitsubishi UFJ Money Museum,museum,35.1830174,136.9230892,0,不明,,,,,Q4856192,ja:三菱UFJ銀行貨幣資料館,https://www.bk.mufg.jp/csr/contribution/kids/gallery/index.html
5336357024,node,Nagoya,ネックス・プラザ,ネックス・プラザ,,,museum,35.1947195,136.9119374,0,不明,,,,,Q11325393,ja:ネックス・プラザ,
5587108721,node,Nagoya,yoga,,,yoga,attraction,35.1952519,136.8696598,0,不明,,,,,,,
5677680199,node,Nagoya,名古屋市役所市民経済局 市民ギャラリー矢田,名古屋市役所市民経済局 市民ギャラリー矢田,,,gallery,35.188752,136.9470995,0,不明,,,,,,,
5753177330,node,Nagoya,松坂屋美術館,松坂屋美術館,,,museum,35.1644265,136.9082378,40,部分対応,yes,,,,,ja:松坂屋美術館,
6398372355,node,Nagoya,オアシス21,オアシス21,,oasis 21,viewpoint,35.1711192,136.9096696,0,不明,,,,,,,
6953430086,node,Nagoya,Koi Pond,,,Koi Pond,attraction,35.1595971,136.9025657,0,不明,,,,,,,
7054470245,node,Nagoya,ギャラリー　わや,ギャラリー　わや,,,gallery,35.1761503,136.8907615,0,不明,,,,,,,
7345757486,node,Nagoya,超ビックスライダー,超ビックスライダー,,,viewpoint,35.0009978,136.949669,0,不明,,,,,,,
7628055986,node,Nagoya,百花百草,百花百草,,,attraction,35.1818729,136.9148723,0,不明,,,,,,,
7842091185,node,Nagoya,占いの館 千里眼,占いの館 千里眼,,,attraction,35.1638272,136.9083936,0,不明,,,,,,,
9384842991,node,Nagoya,旧名古屋ボストン美術館,旧名古屋ボストン美術館,,,museum,35.1425734,136.9001051,0,不明,,,,,,,
9817775117,node,Nagoya,あいち銭湯資料館,あいち銭湯資料館,,,museum,35.1552551,136.9141123,0,不明,,,,,Q56305473,ja:あいち銭湯資料館,
10680703855,node,Nagoya,昭和日常博物館,昭和日常博物館,,,museum,35.2502003,136.8854428,0,不明,,,,,Q11514080,ja:昭和日常博物館,
11038751182,node,Nagoya,ズーボの石像,ズーボの石像,,,attraction,35.1539731,136.979292,0,不明,,,,,,,
11045903391,node,Nagoya,セイロンゾウ,セイロンゾウ,,,attraction,35.1571816,136.9755818,0,不明,,,,,,,
11045903392,node,Nagoya,インドゾウ,インドゾウ,,,attraction,35.1570428,136.9758541,0,不明,,,,,,,
11045903393,node,Nagoya,セイロンゾウ,セイロンゾウ,,,attraction,35.1569569,136.9761351,0,不明,,,,,,,
11045903394,node,Nagoya,アカカンガルー,red kangaroo,アカカンガルー,,attraction,35.1563327,136.9760535,0,不明,,,,,,,
11045903395,node,Nagoya,ベネットアカクビワラビー,ベネットアカクビワラビー,,,attraction,35.1565516,136.9758422,0,不明,,,,,,,
11045903396,node,Nagoya,スマトラトラ,スマトラトラ,,,attraction,35.1567301,136.9764745,0,不明,,,,,,,
11045903397,node,Nagoya,スマトラオランウータン,スマトラオランウータン,,,attraction,35.1563744,136.9766616,0,不明,,,,,,,
11045903400,node,Nagoya,シセンレッサーパンダ,シセンレッサーパンダ,,,attraction,35.1559314,136.9759208,0,不明,,,,,,,
11045907419,node,Nagoya,アミメキリン,giraffe,アミメキリン,,attraction,35.1547914,136.9772929,0,不明,,,,,,,
11045907420,node,Nagoya,コアラ,koala,コアラ,,attraction,35.1545229,136.9783711,0,不明,,,,,,,
11045907421,node,Nagoya,ダチョウ,Tapir,ダチョウ,,attraction,35.153624,136.9783389,0,不明,,,,,,,
11045907527,node,Nagoya,大型インコ,大型インコ,,,attraction,35.1540647,136.9784449,0,不明,,,,,,,
11045907528,node,Nagoya,ラーテル,honey badger,ラーテル,,attraction,35.1557444,136.9778344,0,不明,,,,,,,
11045907529,node,Nagoya,ユキヒョウ,snow leopard,ユキヒョウ,,attraction,35.1559024,136.977523,0,不明,,,,,,,
11045907530,node,Nagoya,ジャガー,jaguar,ジャガー,,attraction,35.1559574,136.9774333,0,不明,,,,,,,
11045907532,node,Nagoya,マヌルネコ,manul cat,マヌルネコ,,attraction,35.1558089,136.9776741,0,不明,,,,,,,
11047498107,node,Nagoya,エゾヒグマ,エゾヒグマ,,,attraction,35.1551515,136.9771703,0,不明,,,,,,,
11047498108,node,Nagoya,マレーグマ,マレーグマ,,,attraction,35.1554782,136.9766551,0,不明,,,,,,,
11047498109,node,Nagoya,マレーグマ,マレーグマ,,,attraction,35.1554162,136.9767898,0,不明,,,,,,,
11047498130,node,Nagoya,コサンケイ,コサンケイ,,,attraction,35.1568516,136.976341,0,不明,,,,,,,
11047498224,node,Nagoya,旧パンラボ,旧パンラボ,,,attraction,35.15873,136.9768633,0,不明,,,,,,,
11047498235,node,Nagoya,コツメカワウソ,コツメカワウソ,,,attraction,35.157288,136.9753554,0,不明,,,,,,,
11047498236,node,Nagoya,ワニ,ワニ,,,attraction,35.1571554,136.9782147,0,不明,,,,,,,
11047498255,node,Nagoya,パンラボ,パンラボ,,,attraction,35.157325,136.9765715,0,不明,,,,,,,
11047498260,node,Nagoya,マンドリル,マンドリル,,,attraction,35.1581359,136.976149,0,不明,,,,,,,
11047498262,node,Nagoya,ミュラーテナガザル,ミュラーテナガザル,,,attraction,35.158213,136.9763709,0,不明,,,,,,,
11047498263,node,Nagoya,フクロテナガザル,フクロテナガザル,,,attraction,35.1580416,136.9763412,0,不明,,,,,,,
11047498352,node,Nagoya,プレーリードッグ,プレーリードッグ,,,attraction,35.1592509,136.9780318,0,不明,,,,,,,
11047554022,node,Nagoya,カバ,カバ,,,attraction,35.1569061,136.9773828,0,不明,,,,,,,
11047554041,node,Nagoya,コビトカバ,コビトカバ,,,attraction,35.1563145,136.9779337,0,不明,,,,,,,
11047554042,node,Nagoya,夜行性動物,夜行性動物,,,attraction,35.1573003,136.978528,0,不明,,,,,,,
11047554043,node,Nagoya,爬虫類・両生類,爬虫類・両生類,,,attraction,35.1574187,136.9783984,0,不明,,,,,,,
11047554088,node,Nagoya,ニジキジ,ニジキジ,,,attraction,35.1589591,136.9770642,0,不明,,,,,,,
11047554092,node,Nagoya,カピバラ,カピバラ,,,attraction,35.1584781,136.9789174,0,不明,,,,,,,
11047554093,node,Nagoya,オオアリクイ,オオアリクイ,,,attraction,35.1583641,136.9791201,0,不明,,,,,,,
11047554094,node,Nagoya,ヤブイヌ（臨時休業）,ヤブイヌ（臨時休業）,,,attraction,35.1582218,136.979099,0,不明,,,,,,,
11060843850,node,Nagoya,キバタン,キバタン,,,zoo,35.1549627,136.9782576,0,不明,,,,,,,
11060843852,node,Nagoya,ぴょんぴょんユキヒョウ,ぴょんぴょんユキヒョウ,,,attraction,35.1557653,136.9774061,0,不明,,,,,,,
11061123465,node,Nagoya,タンチョウ,タンチョウ,,,attraction,35.1591041,136.9773839,0,不明,,,,,,,
11061123466,node,Nagoya,コンドル,コンドル,,,attraction,35.1588723,136.9768764,0,不明,,,,,,,
11064333011,node,Nagoya,ヒメコンドル,ヒメコンドル,,,attraction,35.1586838,136.9764396,0,不明,,,,,,,
11068032048,node,Nagoya,カバの顔はめパネル,カバの顔はめパネル,,,attraction,35.1570303,136.977221,0,不明,,,,,,,
11068032049,node,Nagoya,干支の顔はめパネル,干支の顔はめパネル,,,attraction,35.1539541,136.9802367,0,不明,,,,,,,
11068032248,node,Nagoya,シセンレッサーパンダ,シセンレッサーパンダ,,,attraction,35.1557805,136.9757542,0,不明,,,,,,,
11068116644,node,Nagoya,クジャク,クジャク,,,attraction,35.1539086,136.978389,0,不明,,,,,,,
11068116709,node,Nagoya,オオサンショウウオ,オオサンショウウオ,,,attraction,35.1571451,136.9785752,0,不明,,,,,,,
11068156544,node,Nagoya,ワオキツネザル,ワオキツネザル,,,attraction,35.1581679,136.9762667,0,不明,,,,,,,
11301882392,node,Nagoya,Milky,Milky,,,gallery,35.2359884,136.9540949,0,不明,,,,,,,
11311444356,node,Nagoya,あんどう画廊,あんどう画廊,,,gallery,35.2303573,136.955224,0,不明,,,,,,,
11949696957,node,Nagoya,あいち航空ミュージアム,あいち航空ミュージアム,あいち航空ミュージアム,Aichi Museum of Flight,museum,35.2473865,136.9250115,0,不明,,,,,Q30935176,ja:あいち航空ミュージアム,
12003232069,node,Nagoya,オアシス21,オアシス21,,,attraction,35.1708482,136.9095277,0,不明,,,,,,,
12003277976,node,Nagoya,スカイプロムナード,スカイプロムナード,,Sky Promenade,attraction,35.1702493,136.8851232,0,不明,,,,,,,
12123831961,node,Nagoya,西の丸御蔵城宝館,西の丸御蔵城宝館,西の丸御蔵城宝館,Nishinomaru Okura Museum,museum,35.1844477,136.8976611,40,部分対応,yes,,,,,,
12513635201,node,Nagoya,Spaceship-Aqua Rooftop Lookout,Spaceship-Aqua Rooftop Lookout,,,viewpoint,35.1708547,136.9096908,40,部分対応,yes,,,Floating glass rooftop with shimmering transparent clear bottomed reflecting pood. Path around the pool gives a 360⁰ views of the area with the highlight being the Nagoya TV tower. Illuminated at night.,,,
12513777301,node,Nagoya,北東側からの名古屋城の眺め,北東側からの名古屋城の眺め,北東側からの名古屋城の眺め,Viewpoint of Nagoya Castle from North-East,viewpoint,35.1868047,136.8996662,0,不明,,,,,,,
12513777401,node,Nagoya,北側からの名古屋城の眺め,北側からの名古屋城の眺め,北側からの名古屋城の眺め,Viewpoint of Nagoya Castle from North,viewpoint,35.1874373,136.8988861,0,不明,,,,,,,
12513777501,node,Nagoya,東側からの名古屋城と夕日の眺め,東側からの名古屋城と夕日の眺め,東側からの名古屋城と夕日の眺め,Viewpoint of Nagoya Castle and Sunset from East,viewpoint,35.1854819,136.9040716,0,不明,,,,,,,
12513800801,node,Nagoya,北側からの北西隅塔の展望台,北側からの北西隅塔の展望台,北側からの北西隅塔の展望台,View Point of Northwest Corner Tower from North,viewpoint,35.1873274,136.8968565,0,不明,,,,,,,
12513804201,node,Nagoya,北西隅塔からの北西の眺め,北西隅塔からの北西の眺め,北西隅塔からの北西の眺め,Viewpoint of Northwest Corner Tower from the Northwest,viewpoint,35.1872375,136.8960444,0,不明,,,,,,,
12513806601,node,Nagoya,名古屋城の西側からの眺め,名古屋城の西側からの眺め,名古屋城の西側からの眺め,Viewpoint of Nagoya Castle from West,viewpoint,35.1843064,136.895875,0,不明,,,,,,,
12761543201,node,Nagoya,Cherry Tree Grove,Cherry Tree Grove,,,attraction,35.1550789,136.9859596,0,不明,,,,,,,
12878282744,node,Nagoya,名古屋刀剣博物館,名古屋刀剣博物館,,,museum,35.1632541,136.9028068,0,不明,,,,,,,
13226928902,node,Nagoya,大曽根の滝,大曽根の滝,大曽根の滝,Ōzone Waterfall,attraction,35.1846237,136.9337313,0,不明,,,,,,,
48179151,way,Nagoya,徳川園,徳川園,,Tokugawaen,viewpoint,,,40,部分対応,yes,,,,Q7813713,en:Tokugawa Garden,
49458198,way,Nagoya,文化殿（宝物殿）,文化殿（宝物殿）,,,museum,,,0,不明,,,,,,,
51760095,way,Nagoya,名古屋市博物館,名古屋市博物館,,,museum,,,0,不明,,,,,Q10990728,ja:名古屋市博物館,
89269783,way,Nagoya,名古屋大学博物館,名古屋大学博物館,,,museum,,,0,不明,,,,,Q11414911,,
128298471,way,Nagoya,断夫山古墳,断夫山古墳,,,attraction,,,0,不明,,,,,Q5221001,ja:断夫山古墳,
147856307,way,Nagoya,名古屋市美術館,名古屋市美術館,,Nagoya City Art Museum,museum,,,40,部分対応,yes,,,,Q469573,en:Nagoya City Art Museum,
177281303,way,Nagoya,プレイハウス,プレイハウス,,,attraction,,,0,不明,,,,,,,
184291575,way,Nagoya,ノリタケの森 ウェルカムセンター,ノリタケの森 ウェルカムセンター,ノリタケの森 ウェルカムセンター,Noritake Garden Welcome Center,museum,,,0,不明,,,,,,,
184291577,way,Nagoya,ノリタケの森 クラフトセンター・ノリタケミュージアム,ノリタケの森 クラフトセンター・ノリタケミュージアム,ノリタケの森 クラフトセンター・ノリタケミュージアム,Noritake Garden Craft Center and Noritake Museum,museum,,,0,不明,,,,,,,
200245418,way,Nagoya,でんきの科学館,でんきの科学館,,Electricity Museum Nagoya,museum,,,0,不明,,,,,Q5357802,"en:Electricity Museum, Nagoya",
200532757,way,Nagoya,アートラボあいち,アートラボあいち,,,museum,,,0,不明,,,,,,,
201706229,way,Nagoya,人間地獄,人間地獄,,,attraction,,,0,不明,,,,,,,
230198261,way,Nagoya,名古屋港シートレインランド,名古屋港シートレインランド,,,theme_park,,,0,不明,,,,,Q11415200,ja:名古屋港シートレインランド,http://www.senyo.co.jp/seatrainland/i
237487176,way,Nagoya,航空館boon,航空館boon,,,museum,,,0,不明,,,,,Q11613941,ja:航空館boon,
247172485,way,Nagoya,リニア・鉄道館,リニア・鉄道館,リニア・鉄道館,SCMAGLEV and Railway Park,museum,,,40,部分対応,yes,,,,Q5362576,ja:リニア・鉄道館,https://museum.jr-central.co.jp/
297491271,way,Nagoya,はるひ美術館,はるひ美術館,,Kiyosu City Haruhi Museum of Art,museum,,,0,不明,,,,,Q11561458,ja:清須市はるひ美術館,http://www.museum-kiyosu.jp/
340412586,way,Nagoya,世界のメダカ館,世界のメダカ館,,Medaka World,aquarium,,,0,不明,,,,,Q115283045,,
340412607,way,Nagoya,植物会館,植物会館,,,museum,,,0,不明,,,,,,,
352741572,way,Nagoya,インドサイ,Indian rhinoceros,インドサイ,,attraction,,,0,不明,,,,,,,
352741574,way,Nagoya,遊園地ゾーン,遊園地ゾーン,,,theme_park,,,0,不明,,,,,,,
403779922,way,Nagoya,住居跡観察舎,住居跡観察舎,,,museum,,,0,不明,,,,,,,
403779923,way,Nagoya,名古屋市見晴台考古資料館,名古屋市見晴台考古資料館,,,museum,,,0,不明,,,,,Q62104096,,
405614000,way,Nagoya,ノリタケの森 ギャラリー,ノリタケの森 ギャラリー,ノリタケの森 ギャラリー,Noritake Garden Gallery,museum,,,0,不明,,,,,,,
441087252,way,Nagoya,熊之庄歴史資料館,熊之庄歴史資料館,,Kumanosho Historical Museum,museum,,,0,不明,,,,,,,
474775708,way,Nagoya,トミタビル,トミタビル,,,attraction,,,0,不明,,,,,,,
495130551,way,Nagoya,レゴランド・ジャパン,レゴランド・ジャパン,,Legoland Japan,theme_park,,,0,不明,,,,,Q29168099,ja:レゴランド・ジャパン,https://www.legoland.jp/
495508120,way,Nagoya,交通公園,交通公園,,,theme_park,,,0,不明,,,,,,,
495531302,way,Nagoya,ディノアドベンチャー名古屋,ディノアドベンチャー名古屋,,,theme_park,,,0,不明,,,,,,,
498985945,way,Nagoya,メナード美術館,メナード美術館,,,museum,,,0,不明,,,,,Q1920251,ja:メナード美術館,
557701458,way,Nagoya,戦争と平和の資料館ピースあいち,戦争と平和の資料館ピースあいち,,,museum,,,0,不明,,,,,Q11495950,ja:戦争と平和の資料館ピースあいち,
582752051,way,Nagoya,トヨタ産業技術記念館,トヨタ産業技術記念館,,Toyota Commemorative Museum of Industry and Technology,museum,,,40,部分対応,yes,,,,Q7830774,ja:トヨタ産業技術記念館,https://www.tcmit.org/
622734118,way,Nagoya,一宮市博物館,一宮市博物館,,,museum,,,0,不明,,,,,,,
653386294,way,Nagoya,白壁･主税･撞木エリア,白壁･主税･撞木エリア,,,attraction,,,0,不明,,,,,,,
733135905,way,Nagoya,あま市七宝焼アートヴィレッジ,あま市七宝焼アートヴィレッジ,,,museum,,,0,不明,,,,,Q22117790,ja:あま市七宝焼アートヴィレッジ,https://www.shippoyaki.jp/
771309242,way,Nagoya,動物会館,動物会館,,,museum,,,0,不明,,,,,Q122888704,,
847907602,way,Nagoya,昭和美術館,昭和美術館,,,museum,,,0,不明,,,,,Q11514132,en:Showa Museum of Art,
881250976,way,Nagoya,大府市歴史民俗資料館,大府市歴史民俗資料館,,,museum,,,0,不明,,,,,,,
935067013,way,Nagoya,水の歴史資料館,水の歴史資料館,,,museum,,,0,不明,,,,,Q21654788,ja:水の歴史資料館,
942000435,way,Nagoya,名古屋市科学館,名古屋市科学館,名古屋市科学館,Nagoya City Science Museum,museum,,,40,部分対応,yes,,,,Q11415016,ja:名古屋市科学館,http://www.ncsm.city.nagoya.jp/
1054316502,way,Nagoya,横山美術館,横山美術館,,,museum,,,0,不明,,,,,Q42634129,ja:横山美術館,
1186178002,way,Nagoya,ヒトのなかまがくらす森,ヒトのなかまがくらす森,,,attraction,,,0,不明,,,,,,,
1188795713,way,Nagoya,アクシスジカ,Chital deer,アクシスジカ,,attraction,,,0,不明,,,,,,,
1188795739,way,Nagoya,フラミンゴ,フラミンゴ,,,attraction,,,0,不明,,,,,,,
1188795740,way,Nagoya,モモイロペリカン,モモイロペリカン,,,attraction,,,0,不明,,,,,,,
1188795743,way,Nagoya,チャップマンシマウマ,チャップマンシマウマ,,,attraction,,,0,不明,,,,,,,
1188795744,way,Nagoya,ユキヒョウ・マヌルネコ・ニジキジ舎（建設準備中）,ユキヒョウ・マヌルネコ・ニジキジ舎（建設準備中）,,,attraction,,,0,不明,,,,,,,
1188802317,way,Nagoya,マレーバク,マレーバク,,,attraction,,,0,不明,,,,,,,
1188802325,way,Nagoya,ビューイングトンネル,ビューイングトンネル,,,attraction,,,0,不明,,,,,,,
1188808889,way,Nagoya,アジアゾーン,アジアゾーン,,,zoo,,,0,不明,,,,,,,
1188808890,way,Nagoya,アジアの高地エリア,アジアの高地エリア,,,zoo,,,0,不明,,,,,,,
1188808891,way,Nagoya,アジアの熱帯雨林エリア,アジアの熱帯雨林エリア,,,zoo,,,0,不明,,,,,,,
1188808893,way,Nagoya,アジアゾウエリア,アジアゾウエリア,,,zoo,,,0,不明,,,,,,,
1188808894,way,Nagoya,海洋ゾーン,海洋ゾーン,,,zoo,,,0,不明,,,,,,,
1188808902,way,Nagoya,オセアニアゾーン,オセアニアゾーン,,,zoo,,,0,不明,,,,,,,
1188808906,way,Nagoya,東山モノレール保存車両,東山モノレール保存車両,,,attraction,,,0,不明,,,,,,,
1189569731,way,Nagoya,ホオカザリヅル,Wattled Crane,ホオカザリヅル,,attraction,,,0,不明,,,,,,,
1189569732,way,Nagoya,ホッキョクグマ,polar bear,ホッキョクグマ,,attraction,,,0,不明,,,,,,,
1189569733,way,Nagoya,フンボルトペンギン,フンボルトペンギン,,,attraction,,,0,不明,,,,,,,
1189569738,way,Nagoya,ゴマフアザラシ,spotted seal,ゴマフアザラシ,,attraction,,,0,不明,,,,,,,
1189569739,way,Nagoya,カリフォルニアアシカ,california sea lion,カリフォルニアアシカ,,attraction,,,0,不明,,,,,,,
1189569740,way,Nagoya,ライオン,lion,ライオン,,attraction,,,0,不明,,,,,,,
1189569743,way,Nagoya,エミュー,emu,エミュー,,attraction,,,0,不明,,,,,,,
1189569745,way,Nagoya,ホンドタヌキ,ホンドタヌキ,,,attraction,,,0,不明,,,,,,,
1189771911,way,Nagoya,チンパンジー,チンパンジー,,,attraction,,,0,不明,,,,,,,
1189771923,way,Nagoya,アメリカバイソン,アメリカバイソン,,,attraction,,,0,不明,,,,,,,
1189771924,way,Nagoya,ニシゴリラ,ニシゴリラ,,,attraction,,,0,不明,,,,,,,
1189776757,way,Nagoya,シンリンオオカミ,シンリンオオカミ,,,attraction,,,0,不明,,,,,,,
1189776758,way,Nagoya,サバンナエリア建設予定地,サバンナエリア建設予定地,,,attraction,,,0,不明,,,,,,,
1189776759,way,Nagoya,クロサイ,クロサイ,,,attraction,,,0,不明,,,,,,,
1189776764,way,Nagoya,アルダブラゾウガメ,アルダブラゾウガメ,,,attraction,,,0,不明,,,,,,,
1189776767,way,Nagoya,ハクトウワシ,ハクトウワシ,,,attraction,,,0,不明,,,,,,,
1191333731,way,Nagoya,カバ,カバ,,,attraction,,,0,不明,,,,,,,
1191339974,way,Nagoya,アメリカゾーン,アメリカゾーン,,,zoo,,,0,不明,,,,,,,
1192225402,way,Nagoya,アメリカビーバー,アメリカビーバー,,,attraction,,,0,不明,,,,,,,
1192230967,way,Nagoya,エキゾチックプロムナード,エキゾチックプロムナード,,,attraction,,,0,不明,,,,,,,
1192230986,way,Nagoya,魚類ゾーン,魚類ゾーン,,,zoo,,,0,不明,,,,,,,
1192252104,way,Nagoya,日本ゾーン,日本ゾーン,,,zoo,,,0,不明,,,,,,,
1192252105,way,Nagoya,南アメリカエリア,南アメリカエリア,,,zoo,,,0,不明,,,,,,,
1192252106,way,Nagoya,北アメリカエリア,北アメリカエリア,,,zoo,,,0,不明,,,,,,,
1197287138,way,Nagoya,名古屋港水族館,名古屋港水族館,名古屋港水族館,Port of Nagoya Public Aquarium,aquarium,,,40,部分対応,yes,,,,Q7231211,ja:名古屋港水族館,https://www.nagoyaaqua.jp/index.html
1203942787,way,Nagoya,爲三郎記念館,爲三郎記念館,,,museum,,,0,不明,,,,,Q121815987,ja:爲三郎記念館,
1252865091,way,Nagoya,文化のみち二葉館,文化のみち二葉館,,Cultural Path Futaba Museum,museum,,,0,不明,,,,,Q11499780,ja:文化のみち二葉館,
1299182955,way,Nagoya,荒木集成館,荒木集成館,,,museum,,,0,不明,,,,,Q11618756,en:Araki Syuseikan Museum,
1322007758,way,Nagoya,唐九郎陶芸記念館,唐九郎陶芸記念館,,,museum,,,0,不明,,,,,,,
1336405500,way,Nagoya,古川美術館,古川美術館,,,museum,,,0,不明,,,,,Q11411184,ja:古川美術館,
15970225,way,Nagoya,名古屋城本丸御殿,名古屋城本丸御殿,名古屋城本丸御殿,Honmaru Palace,attraction,,,0,不明,,,,,,,
